order_id,order_date,customer_id,product_id,region,category,sub_category,quantity,sales,profit,discount
ORD-00001,2023-07-06,CUST-0148,PROD-0006,North,Furniture,Furnishings,3,1140.08,232.34,0.15
ORD-00002,2024-06-24,CUST-0072,PROD-0024,East,Furniture,Furnishings,10,2846.39,646.01,0.15
ORD-00003,2024-10-04,CUST-0024,PROD-0061,East,Technology,Accessories,6,1504.3,250.71,0.15
ORD-00004,2022-08-03,CUST-0042,PROD-0043,Central,Office Supplies,Paper,7,1423.01,283.31,0.25
ORD-00005,2024-03-31,CUST-0195,PROD-0071,North,Furniture,Chairs,1,238.98,28.11,0.15
ORD-00006,2023-06-01,CUST-0083,PROD-0015,Central,Office Supplies,Storage,7,226.86,60.11,0.2
ORD-00007,2022-01-03,CUST-0169,PROD-0070,East,Furniture,Chairs,8,1847.76,204.81,0.15
ORD-00008,2024-11-27,CUST-0093,PROD-0080,South,Office Supplies,Appliances,8,2340.54,440.98,0.25
ORD-00009,2022-04-16,CUST-0053,PROD-0035,North,Office Supplies,Binders,9,3015.93,861.15,0.05
ORD-00010,2024-06-16,CUST-0179,PROD-0063,West,Office Supplies,Appliances,2,364.78,107.47,0.0
ORD-00011,2023-05-06,CUST-0182,PROD-0021,West,Furniture,Desks,5,96.88,9.95,0.2
ORD-00012,2024-04-15,CUST-0024,PROD-0029,East,Furniture,Bookcases,2,408.76,118.3,0.15
ORD-00013,2022-11-12,CUST-0128,PROD-0092,West,Office Supplies,Binders,5,1660.2,400.24,0.2
ORD-00014,2024-04-30,CUST-0124,PROD-0061,North,Technology,Accessories,4,1002.86,210.85,0.15
ORD-00015,2024-02-25,CUST-0049,PROD-0077,West,Office Supplies,Paper,9,560.99,154.76,0.25
ORD-00016,2022-05-23,CUST-0071,PROD-0099,West,Technology,Laptops,7,2643.61,758.32,0.1
ORD-00017,2024-11-05,CUST-0069,PROD-0001,West,Office Supplies,Paper,5,1618.57,258.5,0.25
ORD-00018,2024-09-29,CUST-0039,PROD-0058,South,Furniture,Furnishings,9,977.36,165.2,0.15
ORD-00019,2024-02-12,CUST-0117,PROD-0042,Central,Furniture,Furnishings,4,1200.45,177.38,0.25
ORD-00020,2024-02-24,CUST-0060,PROD-0100,Central,Office Supplies,Appliances,7,3498.53,572.48,0.0
ORD-00021,2024-08-26,CUST-0181,PROD-0049,South,Office Supplies,Storage,7,1173.01,303.2,0.25
ORD-00022,2022-11-08,CUST-0127,PROD-0005,East,Furniture,Furnishings,3,724.25,212.26,0.2
ORD-00023,2023-11-11,CUST-0026,PROD-0057,East,Technology,Phones,2,580.54,163.76,0.2
ORD-00024,2022-02-01,CUST-0185,PROD-0019,North,Furniture,Desks,7,1975.47,580.77,0.25
ORD-00025,2022-06-03,CUST-0121,PROD-0034,East,Technology,Laptops,6,1622.54,387.04,0.2
ORD-00026,2022-06-14,CUST-0085,PROD-0087,North,Office Supplies,Storage,9,198.82,57.82,0.15
ORD-00027,2024-09-26,CUST-0139,PROD-0005,West,Furniture,Furnishings,10,3017.7,443.46,0.0
ORD-00028,2023-08-12,CUST-0059,PROD-0096,East,Furniture,Furnishings,2,428.33,126.64,0.15
ORD-00029,2022-07-25,CUST-0114,PROD-0022,Central,Furniture,Desks,5,454.35,49.61,0.0
ORD-00030,2022-04-25,CUST-0076,PROD-0046,South,Technology,Monitors,6,1639.34,211.66,0.15
ORD-00031,2024-12-23,CUST-0106,PROD-0073,Central,Furniture,Chairs,3,830.18,112.09,0.05
ORD-00032,2024-02-23,CUST-0159,PROD-0088,West,Furniture,Bookcases,4,1466.11,414.27,0.15
ORD-00033,2022-10-21,CUST-0060,PROD-0060,Central,Technology,Accessories,5,884.68,133.64,0.15
ORD-00034,2022-01-20,CUST-0120,PROD-0037,West,Office Supplies,Paper,9,3517.98,403.77,0.05
ORD-00035,2023-12-09,CUST-0151,PROD-0039,East,Furniture,Furnishings,7,2388.38,358.3,0.25
ORD-00036,2023-09-11,CUST-0051,PROD-0050,North,Office Supplies,Appliances,8,1343.44,198.08,0.0
ORD-00037,2024-01-06,CUST-0148,PROD-0038,North,Furniture,Chairs,5,112.9,33.37,0.0
ORD-00038,2024-03-21,CUST-0071,PROD-0002,West,Technology,Monitors,10,721.35,184.42,0.25
ORD-00039,2022-04-11,CUST-0156,PROD-0096,South,Furniture,Furnishings,8,1814.11,462.87,0.1
ORD-00040,2023-04-17,CUST-0156,PROD-0046,South,Technology,Monitors,4,964.32,133.1,0.25
ORD-00041,2023-05-29,CUST-0174,PROD-0097,South,Technology,Printers,3,1003.1,119.8,0.25
ORD-00042,2022-03-22,CUST-0080,PROD-0057,Central,Technology,Phones,1,290.27,50.21,0.2
ORD-00043,2022-09-27,CUST-0024,PROD-0038,East,Furniture,Chairs,6,101.61,18.6,0.25
ORD-00044,2023-02-16,CUST-0034,PROD-0070,North,Furniture,Chairs,6,1304.3,261.33,0.2
ORD-00045,2023-07-13,CUST-0043,PROD-0033,West,Technology,Laptops,8,2264.04,564.45,0.1
ORD-00046,2023-11-25,CUST-0030,PROD-0060,South,Technology,Accessories,2,395.5,99.2,0.05
ORD-00047,2023-04-08,CUST-0174,PROD-0093,South,Technology,Phones,7,2230.98,386.31,0.2
ORD-00048,2024-03-19,CUST-0004,PROD-0034,Central,Technology,Laptops,9,3042.27,580.94,0.0
ORD-00049,2023-06-21,CUST-0150,PROD-0049,South,Office Supplies,Storage,6,1340.58,314.99,0.0
ORD-00050,2024-08-23,CUST-0007,PROD-0080,Central,Office Supplies,Appliances,9,3159.73,894.37,0.1
ORD-00051,2023-03-30,CUST-0166,PROD-0009,East,Technology,Accessories,8,2346.36,376.45,0.25
ORD-00052,2024-04-16,CUST-0030,PROD-0018,South,Furniture,Chairs,1,156.32,25.15,0.0
ORD-00053,2024-10-05,CUST-0030,PROD-0013,South,Technology,Monitors,4,271.58,34.53,0.2
ORD-00054,2024-07-18,CUST-0095,PROD-0086,Central,Technology,Phones,9,1765.24,383.88,0.15
ORD-00055,2022-11-13,CUST-0107,PROD-0084,North,Technology,Laptops,2,567.14,126.55,0.15
ORD-00056,2023-07-27,CUST-0009,PROD-0089,Central,Technology,Laptops,6,2257.43,425.92,0.05
ORD-00057,2023-04-29,CUST-0093,PROD-0013,South,Technology,Monitors,6,407.38,114.2,0.2
ORD-00058,2024-01-05,CUST-0016,PROD-0051,Central,Technology,Phones,5,2099.5,616.5,0.05
ORD-00059,2024-07-20,CUST-0024,PROD-0085,East,Technology,Laptops,4,841.44,191.76,0.25
ORD-00060,2022-02-13,CUST-0013,PROD-0043,South,Office Supplies,Paper,4,1029.99,265.11,0.05
ORD-00061,2023-02-25,CUST-0018,PROD-0098,West,Office Supplies,Art,9,1134.41,246.48,0.05
ORD-00062,2023-04-23,CUST-0085,PROD-0100,North,Office Supplies,Appliances,3,1199.5,120.63,0.2
ORD-00063,2022-10-24,CUST-0034,PROD-0070,North,Furniture,Chairs,5,1290.72,157.45,0.05
ORD-00064,2022-02-22,CUST-0034,PROD-0002,North,Technology,Monitors,6,548.23,119.39,0.05
ORD-00065,2022-02-02,CUST-0045,PROD-0034,North,Technology,Laptops,1,321.13,79.75,0.05
ORD-00066,2024-12-13,CUST-0030,PROD-0096,South,Furniture,Furnishings,2,428.33,81.23,0.15
ORD-00067,2024-01-12,CUST-0132,PROD-0076,North,Technology,Monitors,2,78.71,15.8,0.15
ORD-00068,2022-03-30,CUST-0187,PROD-0085,Central,Technology,Laptops,9,2271.89,435.31,0.1
ORD-00069,2022-03-05,CUST-0016,PROD-0062,Central,Furniture,Furnishings,7,1061.72,251.86,0.15
ORD-00070,2024-10-01,CUST-0183,PROD-0057,South,Technology,Phones,2,725.68,119.32,0.0
ORD-00071,2022-10-31,CUST-0017,PROD-0017,West,Office Supplies,Paper,5,1168.36,264.77,0.2
ORD-00072,2023-10-28,CUST-0098,PROD-0077,West,Office Supplies,Paper,9,673.19,128.41,0.1
ORD-00073,2024-05-31,CUST-0026,PROD-0090,East,Office Supplies,Appliances,2,605.87,139.46,0.25
ORD-00074,2023-03-17,CUST-0111,PROD-0058,North,Furniture,Furnishings,4,434.38,72.88,0.15
ORD-00075,2024-07-17,CUST-0103,PROD-0054,Central,Furniture,Tables,2,205.09,38.01,0.1
ORD-00076,2023-06-07,CUST-0096,PROD-0020,Central,Office Supplies,Appliances,8,1993.84,235.76,0.0
ORD-00077,2022-06-24,CUST-0024,PROD-0056,East,Office Supplies,Art,2,22.46,5.56,0.25
ORD-00078,2022-09-24,CUST-0143,PROD-0008,West,Office Supplies,Storage,10,1096.0,232.72,0.2
ORD-00079,2022-09-08,CUST-0106,PROD-0046,Central,Technology,Monitors,7,1687.56,186.12,0.25
ORD-00080,2023-08-13,CUST-0154,PROD-0040,West,Furniture,Desks,6,643.08,138.64,0.0
ORD-00081,2023-03-12,CUST-0040,PROD-0085,South,Technology,Laptops,8,2131.65,574.38,0.05
ORD-00082,2023-12-19,CUST-0143,PROD-0048,West,Office Supplies,Art,2,730.84,157.0,0.1
ORD-00083,2024-05-28,CUST-0144,PROD-0099,North,Technology,Laptops,10,3356.96,788.87,0.2
ORD-00084,2022-02-23,CUST-0156,PROD-0085,South,Technology,Laptops,5,1402.4,190.84,0.0
ORD-00085,2023-09-25,CUST-0087,PROD-0045,West,Furniture,Chairs,1,392.29,107.48,0.05
ORD-00086,2024-03-31,CUST-0018,PROD-0019,West,Furniture,Desks,1,376.28,93.78,0.0
ORD-00087,2023-03-17,CUST-0097,PROD-0054,South,Furniture,Tables,8,820.37,107.86,0.1
ORD-00088,2023-10-01,CUST-0185,PROD-0042,North,Furniture,Furnishings,10,3201.2,374.51,0.2
ORD-00089,2022-04-18,CUST-0040,PROD-0021,South,Furniture,Desks,10,242.2,56.87,0.0
ORD-00090,2023-07-12,CUST-0114,PROD-0085,Central,Technology,Laptops,7,1668.86,369.51,0.15
ORD-00091,2024-04-28,CUST-0070,PROD-0028,South,Furniture,Bookcases,9,4284.81,724.28,0.0
ORD-00092,2022-08-16,CUST-0073,PROD-0087,West,Office Supplies,Storage,10,220.91,45.37,0.15
ORD-00093,2023-09-24,CUST-0012,PROD-0029,West,Furniture,Bookcases,7,1346.52,149.41,0.2
ORD-00094,2023-02-23,CUST-0078,PROD-0028,North,Furniture,Bookcases,3,1285.44,202.96,0.1
ORD-00095,2022-09-03,CUST-0002,PROD-0064,East,Furniture,Bookcases,7,885.71,111.46,0.05
ORD-00096,2024-12-26,CUST-0181,PROD-0030,South,Office Supplies,Appliances,9,3599.64,959.92,0.2
ORD-00097,2023-12-27,CUST-0019,PROD-0051,East,Technology,Phones,1,375.7,38.98,0.15
ORD-00098,2022-06-09,CUST-0081,PROD-0074,West,Furniture,Desks,7,990.92,179.24,0.2
ORD-00099,2024-05-05,CUST-0075,PROD-0015,North,Office Supplies,Storage,7,283.57,83.15,0.0
ORD-00100,2022-12-18,CUST-0159,PROD-0059,West,Furniture,Desks,6,2391.24,447.98,0.0
ORD-00101,2022-08-05,CUST-0063,PROD-0056,South,Office Supplies,Art,10,127.25,26.06,0.15
ORD-00102,2024-03-21,CUST-0080,PROD-0096,Central,Furniture,Furnishings,6,1436.17,239.29,0.05
ORD-00103,2022-12-11,CUST-0020,PROD-0066,East,Office Supplies,Binders,2,185.65,37.5,0.2
ORD-00104,2023-12-17,CUST-0090,PROD-0094,East,Office Supplies,Appliances,3,641.79,77.37,0.05
ORD-00105,2023-06-09,CUST-0051,PROD-0023,North,Furniture,Tables,10,2581.34,650.61,0.05
ORD-00106,2022-06-04,CUST-0046,PROD-0099,South,Technology,Laptops,8,2853.42,715.89,0.15
ORD-00107,2024-07-08,CUST-0175,PROD-0073,North,Furniture,Chairs,10,2621.61,715.3,0.1
ORD-00108,2023-10-10,CUST-0039,PROD-0057,South,Technology,Phones,2,616.83,116.24,0.15
ORD-00109,2023-09-13,CUST-0071,PROD-0076,West,Technology,Monitors,1,41.67,8.4,0.1
ORD-00110,2023-09-28,CUST-0119,PROD-0058,East,Furniture,Furnishings,1,127.76,22.2,0.0
ORD-00111,2023-08-11,CUST-0020,PROD-0083,East,Technology,Printers,2,93.79,20.52,0.2
ORD-00112,2024-02-27,CUST-0119,PROD-0075,East,Technology,Accessories,9,444.83,124.19,0.25
ORD-00113,2024-07-10,CUST-0147,PROD-0084,South,Technology,Laptops,4,1201.0,265.42,0.1
ORD-00114,2024-10-23,CUST-0039,PROD-0008,South,Office Supplies,Storage,8,1096.0,287.36,0.0
ORD-00115,2023-12-05,CUST-0183,PROD-0011,South,Office Supplies,Art,9,966.19,129.96,0.25
ORD-00116,2023-05-23,CUST-0182,PROD-0057,West,Technology,Phones,8,2322.18,475.0,0.2
ORD-00117,2022-11-22,CUST-0094,PROD-0048,South,Office Supplies,Art,5,1725.58,313.63,0.15
ORD-00118,2023-11-24,CUST-0174,PROD-0077,South,Office Supplies,Paper,1,62.33,14.3,0.25
ORD-00119,2022-05-15,CUST-0085,PROD-0013,North,Technology,Monitors,9,572.87,101.58,0.25
ORD-00120,2023-06-01,CUST-0186,PROD-0085,South,Technology,Laptops,10,2664.56,444.11,0.05
ORD-00121,2022-10-17,CUST-0090,PROD-0040,East,Furniture,Desks,7,712.75,156.1,0.05
ORD-00122,2022-06-23,CUST-0080,PROD-0072,Central,Office Supplies,Binders,7,2286.64,590.71,0.25
ORD-00123,2022-09-19,CUST-0172,PROD-0090,North,Office Supplies,Appliances,9,3635.19,833.2,0.0
ORD-00124,2024-05-17,CUST-0131,PROD-0047,Central,Furniture,Tables,1,86.68,14.02,0.1
ORD-00125,2023-03-15,CUST-0088,PROD-0099,North,Technology,Laptops,8,3189.11,463.41,0.05
ORD-00126,2022-10-09,CUST-0040,PROD-0010,South,Furniture,Tables,5,1127.7,227.27,0.0
ORD-00127,2024-12-14,CUST-0010,PROD-0085,West,Technology,Laptops,6,1346.3,169.92,0.2
ORD-00128,2024-02-11,CUST-0040,PROD-0021,South,Furniture,Desks,3,54.49,13.85,0.25
ORD-00129,2022-12-06,CUST-0185,PROD-0057,North,Technology,Phones,1,308.41,53.31,0.15
ORD-00130,2023-05-02,CUST-0114,PROD-0079,Central,Technology,Printers,5,802.24,205.98,0.25
ORD-00131,2023-04-25,CUST-0137,PROD-0031,East,Furniture,Tables,5,185.38,52.05,0.15
ORD-00132,2023-02-02,CUST-0095,PROD-0087,Central,Office Supplies,Storage,10,220.91,42.49,0.15
ORD-00133,2023-08-01,CUST-0200,PROD-0049,South,Office Supplies,Storage,9,1608.7,295.57,0.2
ORD-00134,2022-11-28,CUST-0052,PROD-0078,East,Office Supplies,Art,3,1341.95,148.2,0.1
ORD-00135,2024-09-11,CUST-0096,PROD-0071,Central,Furniture,Chairs,2,421.72,113.52,0.25
ORD-00136,2022-09-13,CUST-0073,PROD-0011,West,Office Supplies,Art,3,386.48,73.38,0.1
ORD-00137,2024-11-17,CUST-0038,PROD-0056,West,Office Supplies,Art,2,28.44,7.49,0.05
ORD-00138,2023-12-17,CUST-0007,PROD-0054,Central,Furniture,Tables,1,96.85,19.41,0.15
ORD-00139,2023-04-28,CUST-0099,PROD-0011,West,Office Supplies,Art,6,815.9,86.19,0.05
ORD-00140,2022-07-22,CUST-0183,PROD-0084,South,Technology,Laptops,6,1901.58,242.49,0.05
ORD-00141,2023-08-11,CUST-0121,PROD-0090,East,Office Supplies,Appliances,3,908.8,176.15,0.25
ORD-00142,2022-01-11,CUST-0021,PROD-0003,North,Office Supplies,Appliances,5,164.4,43.89,0.05
ORD-00143,2024-12-16,CUST-0109,PROD-0015,West,Office Supplies,Storage,5,192.42,30.83,0.05
ORD-00144,2022-04-08,CUST-0062,PROD-0054,North,Furniture,Tables,10,968.49,109.01,0.15
ORD-00145,2024-10-20,CUST-0153,PROD-0069,South,Technology,Accessories,1,140.12,28.45,0.25
ORD-00146,2023-05-11,CUST-0184,PROD-0019,East,Furniture,Desks,5,1599.19,160.42,0.15
ORD-00147,2023-12-24,CUST-0062,PROD-0074,North,Furniture,Desks,7,1176.72,274.03,0.05
ORD-00148,2022-06-25,CUST-0135,PROD-0047,East,Furniture,Tables,2,154.1,32.18,0.2
ORD-00149,2024-11-05,CUST-0142,PROD-0003,West,Office Supplies,Appliances,7,205.93,22.39,0.15
ORD-00150,2024-03-03,CUST-0096,PROD-0033,Central,Technology,Laptops,1,283.0,72.93,0.1
ORD-00151,2023-12-08,CUST-0062,PROD-0094,North,Office Supplies,Appliances,2,360.3,89.01,0.2
ORD-00152,2023-11-12,CUST-0035,PROD-0006,East,Furniture,Furnishings,6,2146.03,359.91,0.2
ORD-00153,2022-12-25,CUST-0200,PROD-0088,South,Furniture,Bookcases,8,2587.26,506.34,0.25
ORD-00154,2023-01-09,CUST-0035,PROD-0009,East,Technology,Accessories,8,3128.48,496.45,0.0
ORD-00155,2022-03-31,CUST-0052,PROD-0006,East,Furniture,Furnishings,6,2414.29,490.29,0.1
ORD-00156,2024-08-27,CUST-0065,PROD-0005,West,Furniture,Furnishings,4,1086.37,186.2,0.1
ORD-00157,2022-04-08,CUST-0168,PROD-0043,Central,Office Supplies,Paper,5,1355.25,352.19,0.0
ORD-00158,2024-06-13,CUST-0103,PROD-0096,Central,Furniture,Furnishings,8,1713.33,287.51,0.15
ORD-00159,2023-01-18,CUST-0128,PROD-0089,West,Technology,Laptops,8,2851.49,812.28,0.1
ORD-00160,2024-11-29,CUST-0069,PROD-0011,West,Office Supplies,Art,7,1001.98,186.49,0.0
ORD-00161,2023-01-05,CUST-0140,PROD-0038,North,Furniture,Chairs,6,135.48,15.72,0.0
ORD-00162,2023-08-29,CUST-0079,PROD-0058,North,Furniture,Furnishings,10,958.2,177.48,0.25
ORD-00163,2024-06-28,CUST-0090,PROD-0058,East,Furniture,Furnishings,1,95.82,26.26,0.25
ORD-00164,2023-12-24,CUST-0158,PROD-0056,West,Office Supplies,Art,5,56.14,16.62,0.25
ORD-00165,2022-04-28,CUST-0020,PROD-0086,East,Technology,Phones,7,1453.73,294.55,0.1
ORD-00166,2022-11-24,CUST-0008,PROD-0019,Central,Furniture,Desks,10,2822.1,723.2,0.25
ORD-00167,2022-03-13,CUST-0033,PROD-0009,East,Technology,Accessories,4,1173.18,203.27,0.25
ORD-00168,2024-02-24,CUST-0146,PROD-0005,East,Furniture,Furnishings,10,2866.81,676.03,0.05
ORD-00169,2024-01-30,CUST-0096,PROD-0057,Central,Technology,Phones,2,580.54,74.04,0.2
ORD-00170,2024-01-22,CUST-0102,PROD-0041,West,Office Supplies,Binders,5,1670.19,487.87,0.05
ORD-00171,2022-02-23,CUST-0189,PROD-0024,South,Furniture,Furnishings,8,2143.17,380.19,0.2
ORD-00172,2022-08-30,CUST-0068,PROD-0100,East,Office Supplies,Appliances,5,1874.21,354.7,0.25
ORD-00173,2023-08-08,CUST-0178,PROD-0063,Central,Office Supplies,Appliances,4,729.56,92.76,0.0
ORD-00174,2022-06-01,CUST-0116,PROD-0023,North,Furniture,Tables,8,2173.76,569.75,0.0
ORD-00175,2023-10-17,CUST-0171,PROD-0045,Central,Furniture,Chairs,2,660.7,137.71,0.2
ORD-00176,2023-09-07,CUST-0041,PROD-0092,Central,Office Supplies,Binders,3,1120.64,226.09,0.1
ORD-00177,2022-09-06,CUST-0052,PROD-0018,East,Furniture,Chairs,4,531.49,55.94,0.15
ORD-00178,2024-01-26,CUST-0120,PROD-0071,West,Furniture,Chairs,3,674.76,186.81,0.2
ORD-00179,2022-05-15,CUST-0080,PROD-0051,Central,Technology,Phones,8,2828.8,515.29,0.2
ORD-00180,2024-04-18,CUST-0148,PROD-0010,North,Furniture,Tables,3,608.96,139.13,0.1
ORD-00181,2024-07-10,CUST-0120,PROD-0088,West,Furniture,Bookcases,9,3492.8,438.93,0.1
ORD-00182,2023-01-08,CUST-0197,PROD-0017,West,Office Supplies,Paper,7,1635.7,461.5,0.2
ORD-00183,2022-04-24,CUST-0032,PROD-0067,Central,Furniture,Bookcases,3,807.03,107.28,0.1
ORD-00184,2023-10-23,CUST-0182,PROD-0029,West,Furniture,Bookcases,6,1154.16,321.99,0.2
ORD-00185,2022-06-11,CUST-0065,PROD-0026,West,Technology,Phones,9,1585.66,198.26,0.1
ORD-00186,2023-09-13,CUST-0158,PROD-0069,West,Technology,Accessories,2,298.93,68.22,0.2
ORD-00187,2022-11-12,CUST-0044,PROD-0085,South,Technology,Laptops,10,2103.6,589.85,0.25
ORD-00188,2023-11-23,CUST-0145,PROD-0006,South,Furniture,Furnishings,1,447.09,48.77,0.0
ORD-00189,2023-06-27,CUST-0167,PROD-0027,East,Technology,Monitors,10,1490.73,333.36,0.15
ORD-00190,2022-03-04,CUST-0128,PROD-0081,West,Furniture,Desks,9,1261.17,288.03,0.1
ORD-00191,2023-09-11,CUST-0124,PROD-0032,North,Office Supplies,Paper,7,158.76,30.28,0.1
ORD-00192,2022-05-03,CUST-0041,PROD-0057,Central,Technology,Phones,7,2158.9,416.43,0.15
ORD-00193,2023-11-28,CUST-0156,PROD-0019,South,Furniture,Desks,6,1693.26,277.46,0.25
ORD-00194,2023-12-09,CUST-0103,PROD-0017,Central,Office Supplies,Paper,6,1402.03,297.69,0.2
ORD-00195,2023-10-16,CUST-0062,PROD-0060,North,Technology,Accessories,2,374.69,71.16,0.1
ORD-00196,2022-10-16,CUST-0025,PROD-0007,East,Furniture,Furnishings,5,1910.93,521.36,0.15
ORD-00197,2024-05-06,CUST-0064,PROD-0021,Central,Furniture,Desks,6,116.26,28.39,0.2
ORD-00198,2023-01-24,CUST-0196,PROD-0021,West,Furniture,Desks,8,155.01,29.97,0.2
ORD-00199,2023-09-24,CUST-0128,PROD-0003,West,Office Supplies,Appliances,2,58.84,11.83,0.15
ORD-00200,2023-05-09,CUST-0056,PROD-0075,Central,Technology,Accessories,6,395.4,43.54,0.0
ORD-00201,2024-10-10,CUST-0153,PROD-0084,South,Technology,Laptops,8,2401.99,498.02,0.1
ORD-00202,2022-08-09,CUST-0111,PROD-0018,North,Furniture,Chairs,5,586.2,101.5,0.25
ORD-00203,2024-04-05,CUST-0094,PROD-0006,South,Furniture,Furnishings,7,3129.63,669.92,0.0
ORD-00204,2023-02-03,CUST-0093,PROD-0071,South,Furniture,Chairs,5,1405.75,249.2,0.0
ORD-00205,2024-07-11,CUST-0196,PROD-0071,West,Furniture,Chairs,5,1124.6,265.5,0.2
ORD-00206,2022-09-01,CUST-0033,PROD-0013,East,Technology,Monitors,7,534.68,138.47,0.1
ORD-00207,2023-11-26,CUST-0143,PROD-0047,West,Furniture,Tables,3,274.48,60.52,0.05
ORD-00208,2024-04-02,CUST-0129,PROD-0006,East,Furniture,Furnishings,1,447.09,56.96,0.0
ORD-00209,2023-11-14,CUST-0122,PROD-0067,North,Furniture,Bookcases,8,2271.64,502.61,0.05
ORD-00210,2024-11-21,CUST-0036,PROD-0042,Central,Furniture,Furnishings,10,3601.35,477.18,0.1
ORD-00211,2023-09-05,CUST-0152,PROD-0044,Central,Office Supplies,Art,9,1857.02,383.42,0.2
ORD-00212,2023-09-06,CUST-0122,PROD-0003,North,Office Supplies,Appliances,6,186.89,43.87,0.1
ORD-00213,2024-05-03,CUST-0150,PROD-0040,South,Furniture,Desks,1,85.74,16.71,0.2
ORD-00214,2023-04-12,CUST-0185,PROD-0007,North,Furniture,Furnishings,10,3821.86,512.52,0.15
ORD-00215,2024-02-18,CUST-0038,PROD-0088,West,Furniture,Bookcases,4,1724.84,370.0,0.0
ORD-00216,2022-08-14,CUST-0049,PROD-0003,West,Office Supplies,Appliances,8,249.19,45.79,0.1
ORD-00217,2024-04-25,CUST-0177,PROD-0027,North,Technology,Monitors,7,982.13,250.44,0.2
ORD-00218,2024-08-23,CUST-0189,PROD-0094,South,Office Supplies,Appliances,1,168.89,21.55,0.25
ORD-00219,2023-03-01,CUST-0144,PROD-0042,North,Furniture,Furnishings,8,2560.96,449.1,0.2
ORD-00220,2022-12-21,CUST-0118,PROD-0069,East,Technology,Accessories,6,896.78,153.22,0.2
ORD-00221,2023-06-26,CUST-0157,PROD-0062,North,Furniture,Furnishings,4,678.07,105.64,0.05
ORD-00222,2023-09-04,CUST-0058,PROD-0039,Central,Furniture,Furnishings,5,1705.99,241.32,0.25
ORD-00223,2024-09-28,CUST-0082,PROD-0062,South,Furniture,Furnishings,6,856.51,245.6,0.2
ORD-00224,2023-07-15,CUST-0074,PROD-0016,South,Furniture,Desks,10,2221.5,463.49,0.25
ORD-00225,2024-03-19,CUST-0089,PROD-0099,North,Technology,Laptops,3,1132.97,122.83,0.1
ORD-00226,2022-06-11,CUST-0089,PROD-0057,North,Technology,Phones,5,1360.65,266.44,0.25
ORD-00227,2023-02-18,CUST-0138,PROD-0035,East,Office Supplies,Binders,9,2380.99,367.44,0.25
ORD-00228,2022-08-12,CUST-0158,PROD-0095,West,Furniture,Bookcases,10,1968.68,292.33,0.05
ORD-00229,2024-12-23,CUST-0058,PROD-0082,Central,Office Supplies,Storage,4,1154.52,138.59,0.0
ORD-00230,2023-11-08,CUST-0184,PROD-0061,East,Technology,Accessories,2,442.44,112.45,0.25
ORD-00231,2022-01-11,CUST-0141,PROD-0021,East,Furniture,Desks,7,127.16,36.5,0.25
ORD-00232,2024-09-01,CUST-0123,PROD-0084,Central,Technology,Laptops,4,1201.0,197.24,0.1
ORD-00233,2022-05-02,CUST-0197,PROD-0012,West,Furniture,Furnishings,10,739.1,153.02,0.05
ORD-00234,2022-03-18,CUST-0045,PROD-0054,North,Furniture,Tables,3,341.82,102.35,0.0
ORD-00235,2024-03-24,CUST-0127,PROD-0024,East,Furniture,Furnishings,5,1674.35,170.54,0.0
ORD-00236,2022-08-08,CUST-0086,PROD-0037,West,Office Supplies,Paper,8,2468.76,515.13,0.25
ORD-00237,2024-10-08,CUST-0035,PROD-0065,East,Technology,Laptops,8,493.78,68.42,0.1
ORD-00238,2022-08-19,CUST-0085,PROD-0021,North,Furniture,Desks,8,145.32,22.01,0.25
ORD-00239,2023-01-17,CUST-0004,PROD-0095,Central,Furniture,Bookcases,6,1119.04,238.98,0.1
ORD-00240,2023-01-31,CUST-0045,PROD-0079,North,Technology,Printers,7,1272.88,258.47,0.15
ORD-00241,2022-06-27,CUST-0103,PROD-0086,Central,Technology,Phones,2,438.42,129.92,0.05
ORD-00242,2024-09-04,CUST-0083,PROD-0032,Central,Office Supplies,Paper,1,22.68,4.01,0.1
ORD-00243,2024-07-03,CUST-0193,PROD-0035,South,Office Supplies,Binders,6,1904.8,412.37,0.1
ORD-00244,2022-01-24,CUST-0067,PROD-0084,West,Technology,Laptops,6,1501.25,221.07,0.25
ORD-00245,2022-08-31,CUST-0120,PROD-0040,West,Furniture,Desks,3,273.31,64.83,0.15
ORD-00246,2023-09-29,CUST-0177,PROD-0016,North,Furniture,Desks,5,1332.9,297.14,0.1
ORD-00247,2023-03-25,CUST-0035,PROD-0062,East,Furniture,Furnishings,3,455.02,113.55,0.15
ORD-00248,2024-02-05,CUST-0107,PROD-0090,North,Office Supplies,Appliances,9,3089.91,777.02,0.15
ORD-00249,2023-03-24,CUST-0196,PROD-0032,West,Office Supplies,Paper,10,252.0,51.69,0.0
ORD-00250,2024-12-17,CUST-0181,PROD-0047,South,Furniture,Tables,2,154.1,18.87,0.2
ORD-00251,2024-11-01,CUST-0052,PROD-0074,East,Furniture,Desks,9,1512.92,201.08,0.05
ORD-00252,2024-12-01,CUST-0114,PROD-0015,Central,Office Supplies,Storage,4,121.53,26.33,0.25
ORD-00253,2022-07-06,CUST-0131,PROD-0058,Central,Furniture,Furnishings,1,108.6,13.73,0.15
ORD-00254,2024-04-30,CUST-0117,PROD-0073,Central,Furniture,Chairs,1,233.03,44.85,0.2
ORD-00255,2023-09-24,CUST-0186,PROD-0003,South,Office Supplies,Appliances,7,218.04,57.41,0.1
ORD-00256,2023-03-23,CUST-0149,PROD-0010,North,Furniture,Tables,1,191.71,32.38,0.15
ORD-00257,2022-05-11,CUST-0139,PROD-0008,West,Office Supplies,Storage,2,232.9,24.77,0.15
ORD-00258,2024-04-17,CUST-0047,PROD-0099,West,Technology,Laptops,3,944.15,279.15,0.25
ORD-00259,2024-05-10,CUST-0096,PROD-0049,Central,Office Supplies,Storage,8,1519.32,266.08,0.15
ORD-00260,2022-09-30,CUST-0168,PROD-0045,Central,Furniture,Chairs,2,784.59,234.25,0.05
ORD-00261,2024-03-15,CUST-0136,PROD-0017,East,Office Supplies,Paper,4,1168.36,293.53,0.0
ORD-00262,2023-09-04,CUST-0119,PROD-0087,East,Office Supplies,Storage,9,198.82,41.03,0.15
ORD-00263,2023-04-16,CUST-0064,PROD-0059,Central,Furniture,Desks,6,2271.68,352.41,0.05
ORD-00264,2022-08-20,CUST-0009,PROD-0085,Central,Technology,Laptops,7,1570.69,397.72,0.2
ORD-00265,2022-02-02,CUST-0062,PROD-0027,North,Technology,Monitors,2,350.76,76.74,0.0
ORD-00266,2024-07-03,CUST-0154,PROD-0087,West,Office Supplies,Storage,1,24.69,6.13,0.05
ORD-00267,2024-04-03,CUST-0113,PROD-0030,South,Office Supplies,Appliances,9,4274.57,1072.39,0.05
ORD-00268,2022-04-26,CUST-0036,PROD-0065,Central,Technology,Laptops,5,325.75,85.72,0.05
ORD-00269,2023-10-16,CUST-0148,PROD-0077,North,Office Supplies,Paper,6,473.73,75.96,0.05
ORD-00270,2022-10-21,CUST-0170,PROD-0067,Central,Furniture,Bookcases,4,1016.26,162.7,0.15
ORD-00271,2022-05-05,CUST-0143,PROD-0076,West,Technology,Monitors,3,104.17,24.56,0.25
ORD-00272,2024-10-12,CUST-0013,PROD-0045,South,Furniture,Chairs,7,2312.46,378.66,0.2
ORD-00273,2024-05-02,CUST-0105,PROD-0020,East,Office Supplies,Appliances,5,1059.23,144.88,0.15
ORD-00274,2024-08-27,CUST-0062,PROD-0029,North,Furniture,Bookcases,5,901.69,116.2,0.25
ORD-00275,2024-08-06,CUST-0015,PROD-0072,North,Office Supplies,Binders,7,2591.52,548.0,0.15
ORD-00276,2022-10-02,CUST-0100,PROD-0032,West,Office Supplies,Paper,5,119.7,19.88,0.05
ORD-00277,2022-06-11,CUST-0116,PROD-0048,North,Office Supplies,Art,2,649.63,159.11,0.2
ORD-00278,2023-01-26,CUST-0014,PROD-0035,North,Office Supplies,Binders,7,1851.89,409.26,0.25
ORD-00279,2022-03-22,CUST-0019,PROD-0025,East,Technology,Monitors,10,3260.7,763.95,0.25
ORD-00280,2023-03-21,CUST-0123,PROD-0027,Central,Technology,Monitors,6,947.05,275.97,0.1
ORD-00281,2022-02-01,CUST-0055,PROD-0025,East,Technology,Monitors,2,652.14,195.59,0.25
ORD-00282,2024-09-07,CUST-0063,PROD-0090,South,Office Supplies,Appliances,10,3029.33,426.84,0.25
ORD-00283,2023-05-06,CUST-0142,PROD-0042,West,Furniture,Furnishings,5,1700.64,328.65,0.15
ORD-00284,2024-01-06,CUST-0079,PROD-0034,North,Technology,Laptops,6,1622.54,448.73,0.2
ORD-00285,2024-08-12,CUST-0026,PROD-0093,East,Technology,Phones,8,2868.41,811.38,0.1
ORD-00286,2024-01-30,CUST-0081,PROD-0053,West,Furniture,Bookcases,1,201.77,55.05,0.2
ORD-00287,2022-10-26,CUST-0005,PROD-0034,West,Technology,Laptops,9,2433.82,525.29,0.2
ORD-00288,2024-05-05,CUST-0076,PROD-0020,South,Office Supplies,Appliances,4,897.23,131.0,0.1
ORD-00289,2023-05-19,CUST-0128,PROD-0071,West,Furniture,Chairs,6,1518.21,383.61,0.1
ORD-00290,2024-09-27,CUST-0186,PROD-0083,South,Technology,Printers,8,398.62,53.27,0.15
ORD-00291,2023-12-23,CUST-0044,PROD-0018,South,Furniture,Chairs,9,1195.85,163.6,0.15
ORD-00292,2022-05-01,CUST-0135,PROD-0005,East,Furniture,Furnishings,2,452.65,49.66,0.25
ORD-00293,2022-01-14,CUST-0106,PROD-0018,Central,Furniture,Chairs,4,625.28,150.96,0.0
ORD-00294,2022-01-19,CUST-0056,PROD-0065,Central,Technology,Laptops,8,493.78,55.35,0.1
ORD-00295,2024-09-16,CUST-0169,PROD-0063,East,Office Supplies,Appliances,1,182.39,37.65,0.0
ORD-00296,2024-04-22,CUST-0004,PROD-0003,Central,Office Supplies,Appliances,9,233.62,36.2,0.25
ORD-00297,2023-08-11,CUST-0005,PROD-0065,West,Technology,Laptops,7,456.06,55.37,0.05
ORD-00298,2022-07-17,CUST-0135,PROD-0020,East,Office Supplies,Appliances,4,947.07,212.1,0.05
ORD-00299,2023-06-01,CUST-0091,PROD-0035,South,Office Supplies,Binders,7,2469.18,431.14,0.0
ORD-00300,2024-04-11,CUST-0118,PROD-0073,East,Furniture,Chairs,4,873.87,126.86,0.25
ORD-00301,2022-06-15,CUST-0168,PROD-0084,Central,Technology,Laptops,1,333.61,60.4,0.0
ORD-00302,2024-02-12,CUST-0142,PROD-0061,West,Technology,Accessories,1,221.22,22.54,0.25
ORD-00303,2022-12-17,CUST-0022,PROD-0064,South,Furniture,Bookcases,7,699.25,179.62,0.25
ORD-00304,2022-07-15,CUST-0136,PROD-0006,East,Furniture,Furnishings,4,1698.94,476.14,0.05
ORD-00305,2024-08-31,CUST-0070,PROD-0006,South,Furniture,Furnishings,2,670.63,191.21,0.25
ORD-00306,2022-03-09,CUST-0046,PROD-0041,South,Office Supplies,Binders,1,334.04,72.62,0.05
ORD-00307,2024-03-26,CUST-0020,PROD-0039,East,Furniture,Furnishings,3,1091.83,161.69,0.2
ORD-00308,2024-03-07,CUST-0174,PROD-0070,South,Furniture,Chairs,6,1385.82,348.01,0.15
ORD-00309,2022-10-14,CUST-0177,PROD-0093,North,Technology,Phones,2,637.42,158.78,0.2
ORD-00310,2023-12-10,CUST-0014,PROD-0013,North,Technology,Monitors,7,564.39,151.11,0.05
ORD-00311,2023-11-29,CUST-0155,PROD-0099,East,Technology,Laptops,10,3356.96,602.04,0.2
ORD-00312,2023-10-31,CUST-0008,PROD-0082,Central,Office Supplies,Storage,5,1226.68,243.03,0.15
ORD-00313,2023-12-30,CUST-0142,PROD-0049,West,Office Supplies,Storage,7,1485.81,350.56,0.05
ORD-00314,2024-02-18,CUST-0022,PROD-0099,South,Technology,Laptops,10,3776.58,980.44,0.1
ORD-00315,2022-05-31,CUST-0022,PROD-0035,South,Office Supplies,Binders,3,899.49,217.98,0.15
ORD-00316,2022-11-12,CUST-0190,PROD-0050,South,Office Supplies,Appliances,6,906.82,110.01,0.1
ORD-00317,2022-01-11,CUST-0079,PROD-0057,North,Technology,Phones,6,1959.34,236.0,0.1
ORD-00318,2022-06-28,CUST-0048,PROD-0056,West,Office Supplies,Art,8,95.81,20.21,0.2
ORD-00319,2024-04-15,CUST-0027,PROD-0004,East,Technology,Phones,2,135.61,28.59,0.1
ORD-00320,2023-10-27,CUST-0099,PROD-0002,West,Technology,Monitors,5,408.77,72.58,0.15
ORD-00321,2022-06-23,CUST-0186,PROD-0072,South,Office Supplies,Binders,4,1393.76,284.63,0.2
ORD-00322,2024-02-19,CUST-0044,PROD-0018,South,Furniture,Chairs,5,703.44,108.11,0.1
ORD-00323,2022-10-26,CUST-0017,PROD-0022,West,Furniture,Desks,7,572.48,105.46,0.1
ORD-00324,2024-09-18,CUST-0020,PROD-0047,East,Furniture,Tables,5,457.47,111.7,0.05
ORD-00325,2024-10-12,CUST-0153,PROD-0079,South,Technology,Printers,4,727.36,88.3,0.15
ORD-00326,2023-09-16,CUST-0002,PROD-0051,East,Technology,Phones,6,2121.6,373.35,0.2
ORD-00327,2023-11-06,CUST-0113,PROD-0043,South,Office Supplies,Paper,7,1423.01,419.57,0.25
ORD-00328,2022-10-06,CUST-0077,PROD-0042,North,Furniture,Furnishings,10,3001.12,420.67,0.25
ORD-00329,2023-10-06,CUST-0046,PROD-0051,South,Technology,Phones,6,2386.8,589.48,0.1
ORD-00330,2024-10-02,CUST-0148,PROD-0032,North,Office Supplies,Paper,6,128.52,20.06,0.15
ORD-00331,2024-03-15,CUST-0094,PROD-0015,South,Office Supplies,Storage,10,384.84,84.07,0.05
ORD-00332,2023-01-04,CUST-0175,PROD-0099,North,Technology,Laptops,9,3776.58,1097.48,0.0
ORD-00333,2024-08-03,CUST-0182,PROD-0027,West,Technology,Monitors,8,1262.74,336.21,0.1
ORD-00334,2022-05-22,CUST-0105,PROD-0087,East,Office Supplies,Storage,8,197.52,44.77,0.05
ORD-00335,2023-05-11,CUST-0065,PROD-0085,West,Technology,Laptops,3,631.08,116.51,0.25
ORD-00336,2024-02-12,CUST-0019,PROD-0058,East,Furniture,Furnishings,10,1085.96,235.05,0.15
ORD-00337,2024-12-30,CUST-0130,PROD-0089,Central,Technology,Laptops,7,2217.82,238.09,0.2
ORD-00338,2024-01-07,CUST-0180,PROD-0069,East,Technology,Accessories,10,1401.23,396.38,0.25
ORD-00339,2022-08-12,CUST-0197,PROD-0032,West,Office Supplies,Paper,6,143.64,32.95,0.05
ORD-00340,2022-04-01,CUST-0145,PROD-0083,South,Technology,Printers,7,369.31,108.26,0.1
ORD-00341,2024-05-31,CUST-0028,PROD-0002,North,Technology,Monitors,2,173.12,25.0,0.1
ORD-00342,2024-11-28,CUST-0143,PROD-0075,West,Technology,Accessories,10,626.05,118.42,0.05
ORD-00343,2024-03-12,CUST-0119,PROD-0099,East,Technology,Laptops,10,3147.15,629.72,0.25
ORD-00344,2023-12-08,CUST-0007,PROD-0062,Central,Furniture,Furnishings,2,321.19,58.84,0.1
ORD-00345,2022-06-25,CUST-0030,PROD-0094,South,Office Supplies,Appliances,3,608.01,98.73,0.1
ORD-00346,2024-07-21,CUST-0053,PROD-0067,North,Furniture,Bookcases,8,2152.08,420.16,0.1
ORD-00347,2024-06-16,CUST-0185,PROD-0090,North,Office Supplies,Appliances,8,2908.15,329.89,0.1
ORD-00348,2022-04-02,CUST-0182,PROD-0015,West,Office Supplies,Storage,1,36.46,8.37,0.1
ORD-00349,2022-12-03,CUST-0190,PROD-0032,South,Office Supplies,Paper,9,215.46,45.33,0.05
ORD-00350,2023-11-09,CUST-0144,PROD-0055,North,Furniture,Bookcases,8,3354.34,870.62,0.05
ORD-00351,2023-01-13,CUST-0048,PROD-0082,West,Office Supplies,Storage,7,1717.35,181.76,0.15
ORD-00352,2023-02-09,CUST-0116,PROD-0076,North,Technology,Monitors,7,275.48,27.79,0.15
ORD-00353,2023-03-16,CUST-0053,PROD-0036,North,Furniture,Tables,2,492.08,59.22,0.2
ORD-00354,2023-01-18,CUST-0094,PROD-0042,South,Furniture,Furnishings,4,1360.51,167.06,0.15
ORD-00355,2024-09-29,CUST-0136,PROD-0082,East,Office Supplies,Storage,6,1385.42,246.23,0.2
ORD-00356,2024-03-14,CUST-0151,PROD-0015,East,Office Supplies,Storage,6,218.75,58.87,0.1
ORD-00357,2022-12-20,CUST-0173,PROD-0091,North,Technology,Monitors,5,1107.36,241.44,0.2
ORD-00358,2022-10-02,CUST-0081,PROD-0016,West,Furniture,Desks,4,1066.32,131.57,0.1
ORD-00359,2024-02-04,CUST-0178,PROD-0019,Central,Furniture,Desks,9,2878.54,528.64,0.15
ORD-00360,2022-10-10,CUST-0148,PROD-0050,North,Office Supplies,Appliances,7,1116.73,220.37,0.05
ORD-00361,2022-12-21,CUST-0143,PROD-0022,West,Furniture,Desks,8,654.26,83.78,0.1
ORD-00362,2023-10-07,CUST-0116,PROD-0080,North,Office Supplies,Appliances,1,351.08,101.94,0.1
ORD-00363,2024-09-19,CUST-0035,PROD-0025,East,Technology,Monitors,7,2434.66,489.58,0.2
ORD-00364,2024-10-10,CUST-0105,PROD-0088,East,Furniture,Bookcases,8,2932.23,709.68,0.15
ORD-00365,2024-06-28,CUST-0126,PROD-0022,East,Furniture,Desks,2,145.39,15.44,0.2
ORD-00366,2023-03-28,CUST-0075,PROD-0005,North,Furniture,Furnishings,5,1433.41,297.46,0.05
ORD-00367,2022-12-11,CUST-0200,PROD-0059,South,Furniture,Desks,10,2989.05,760.74,0.25
ORD-00368,2024-10-11,CUST-0141,PROD-0066,East,Office Supplies,Binders,2,185.65,22.81,0.2
ORD-00369,2024-01-22,CUST-0139,PROD-0097,West,Technology,Printers,1,334.37,62.95,0.25
ORD-00370,2023-03-24,CUST-0109,PROD-0014,West,Technology,Phones,4,754.99,207.59,0.1
ORD-00371,2022-03-08,CUST-0116,PROD-0034,North,Technology,Laptops,6,2028.18,380.92,0.0
ORD-00372,2022-08-29,CUST-0199,PROD-0031,West,Furniture,Tables,4,130.86,28.47,0.25
ORD-00373,2023-12-20,CUST-0182,PROD-0079,West,Technology,Printers,7,1422.63,317.57,0.05
ORD-00374,2023-02-28,CUST-0053,PROD-0008,North,Office Supplies,Storage,10,1233.0,254.56,0.1
ORD-00375,2022-12-11,CUST-0083,PROD-0091,Central,Technology,Monitors,5,1245.78,267.28,0.1
ORD-00376,2024-11-19,CUST-0174,PROD-0013,South,Technology,Monitors,3,216.42,61.41,0.15
ORD-00377,2023-07-22,CUST-0168,PROD-0017,Central,Office Supplies,Paper,3,832.46,107.59,0.05
ORD-00378,2023-10-22,CUST-0064,PROD-0098,Central,Office Supplies,Art,7,789.45,101.39,0.15
ORD-00379,2023-07-05,CUST-0161,PROD-0054,South,Furniture,Tables,7,677.94,78.03,0.15
ORD-00380,2022-07-10,CUST-0104,PROD-0066,West,Office Supplies,Binders,5,435.11,124.99,0.25
ORD-00381,2024-01-26,CUST-0117,PROD-0063,Central,Office Supplies,Appliances,6,875.47,87.98,0.2
ORD-00382,2022-07-10,CUST-0188,PROD-0059,West,Furniture,Desks,6,2391.24,619.66,0.0
ORD-00383,2024-03-25,CUST-0056,PROD-0055,Central,Furniture,Bookcases,4,1500.62,230.66,0.15
ORD-00384,2023-08-04,CUST-0087,PROD-0071,West,Furniture,Chairs,10,2670.92,569.52,0.05
ORD-00385,2024-09-20,CUST-0088,PROD-0088,North,Furniture,Bookcases,1,431.21,51.71,0.0
ORD-00386,2024-07-30,CUST-0005,PROD-0016,West,Furniture,Desks,3,755.31,144.49,0.15
ORD-00387,2024-05-26,CUST-0052,PROD-0089,East,Technology,Laptops,3,891.09,142.91,0.25
ORD-00388,2023-07-16,CUST-0024,PROD-0084,East,Technology,Laptops,6,1801.49,209.84,0.1
ORD-00389,2022-12-05,CUST-0014,PROD-0051,North,Technology,Phones,5,1657.5,397.61,0.25
ORD-00390,2023-04-25,CUST-0110,PROD-0084,South,Technology,Laptops,2,500.42,59.57,0.25
ORD-00391,2023-03-14,CUST-0123,PROD-0010,Central,Furniture,Tables,3,541.3,78.62,0.2
ORD-00392,2024-06-30,CUST-0003,PROD-0002,South,Technology,Monitors,6,577.08,171.76,0.0
ORD-00393,2024-05-14,CUST-0178,PROD-0017,Central,Office Supplies,Paper,8,2336.72,340.67,0.0
ORD-00394,2022-07-02,CUST-0188,PROD-0014,West,Technology,Phones,2,377.5,65.5,0.1
ORD-00395,2023-09-05,CUST-0036,PROD-0049,Central,Office Supplies,Storage,3,502.72,150.11,0.25
ORD-00396,2022-10-20,CUST-0018,PROD-0068,West,Office Supplies,Appliances,10,4904.5,1089.11,0.0
ORD-00397,2022-12-03,CUST-0113,PROD-0045,South,Furniture,Chairs,4,1238.82,309.28,0.25
ORD-00398,2024-04-23,CUST-0158,PROD-0088,West,Furniture,Bookcases,8,3277.2,384.54,0.05
ORD-00399,2022-07-25,CUST-0036,PROD-0097,Central,Technology,Printers,2,713.31,175.48,0.2
ORD-00400,2023-12-21,CUST-0110,PROD-0041,South,Office Supplies,Binders,3,1002.12,155.72,0.05
ORD-00401,2022-06-22,CUST-0064,PROD-0071,Central,Furniture,Chairs,10,2249.2,549.34,0.2
ORD-00402,2023-08-07,CUST-0200,PROD-0089,South,Technology,Laptops,1,297.03,81.73,0.25
ORD-00403,2023-02-25,CUST-0133,PROD-0078,North,Office Supplies,Art,9,4249.52,1060.55,0.05
ORD-00404,2023-08-29,CUST-0166,PROD-0007,East,Furniture,Furnishings,4,1528.74,270.86,0.15
ORD-00405,2023-05-09,CUST-0128,PROD-0082,West,Office Supplies,Storage,10,2886.3,593.59,0.0
ORD-00406,2022-01-25,CUST-0093,PROD-0041,South,Office Supplies,Binders,3,896.63,244.03,0.15
ORD-00407,2024-05-11,CUST-0094,PROD-0070,South,Furniture,Chairs,3,692.91,201.56,0.15
ORD-00408,2022-05-30,CUST-0005,PROD-0076,West,Technology,Monitors,2,92.6,14.12,0.0
ORD-00409,2022-03-23,CUST-0016,PROD-0051,Central,Technology,Phones,9,3580.2,808.1,0.1
ORD-00410,2024-10-23,CUST-0197,PROD-0054,West,Furniture,Tables,7,598.18,107.94,0.25
ORD-00411,2022-11-09,CUST-0072,PROD-0011,East,Office Supplies,Art,5,715.7,144.76,0.0
ORD-00412,2023-02-21,CUST-0040,PROD-0069,South,Technology,Accessories,6,952.83,207.04,0.15
ORD-00413,2022-05-16,CUST-0080,PROD-0090,Central,Office Supplies,Appliances,7,2120.53,616.41,0.25
ORD-00414,2023-05-04,CUST-0015,PROD-0032,North,Office Supplies,Paper,2,42.84,5.28,0.15
ORD-00415,2022-04-23,CUST-0080,PROD-0086,Central,Technology,Phones,3,692.25,70.98,0.0
ORD-00416,2022-10-09,CUST-0180,PROD-0002,East,Technology,Monitors,3,245.26,71.27,0.15
ORD-00417,2024-12-07,CUST-0133,PROD-0093,North,Technology,Phones,5,1892.35,329.98,0.05
ORD-00418,2023-07-05,CUST-0188,PROD-0016,West,Furniture,Desks,1,266.58,69.69,0.1
ORD-00419,2023-07-12,CUST-0135,PROD-0009,East,Technology,Accessories,5,1466.47,432.62,0.25
ORD-00420,2022-06-07,CUST-0128,PROD-0059,West,Furniture,Desks,9,3228.17,358.61,0.1
ORD-00421,2022-12-08,CUST-0095,PROD-0021,Central,Furniture,Desks,5,121.1,33.77,0.0
ORD-00422,2022-08-25,CUST-0059,PROD-0095,East,Furniture,Bookcases,9,1865.07,202.93,0.0
ORD-00423,2022-01-26,CUST-0063,PROD-0006,South,Furniture,Furnishings,8,3219.05,568.47,0.1
ORD-00424,2022-11-04,CUST-0046,PROD-0005,South,Furniture,Furnishings,9,2036.95,505.43,0.25
ORD-00425,2024-05-08,CUST-0058,PROD-0042,Central,Furniture,Furnishings,4,1360.51,385.26,0.15
ORD-00426,2023-10-18,CUST-0070,PROD-0010,South,Furniture,Tables,10,2029.86,251.46,0.1
ORD-00427,2022-04-18,CUST-0046,PROD-0029,South,Furniture,Bookcases,9,2164.05,629.34,0.0
ORD-00428,2022-05-22,CUST-0120,PROD-0037,West,Office Supplies,Paper,5,1851.57,217.15,0.1
ORD-00429,2024-07-24,CUST-0003,PROD-0048,South,Office Supplies,Art,4,1461.67,310.99,0.1
ORD-00430,2023-09-15,CUST-0190,PROD-0080,South,Office Supplies,Appliances,4,1326.31,230.32,0.15
ORD-00431,2024-10-07,CUST-0198,PROD-0100,Central,Office Supplies,Appliances,4,1499.37,419.96,0.25
ORD-00432,2023-05-18,CUST-0039,PROD-0001,South,Office Supplies,Paper,7,3021.34,442.93,0.0
ORD-00433,2023-12-11,CUST-0163,PROD-0089,East,Technology,Laptops,1,356.44,35.75,0.1
ORD-00434,2024-02-10,CUST-0189,PROD-0094,South,Office Supplies,Appliances,5,1125.95,158.8,0.0
ORD-00435,2023-05-03,CUST-0108,PROD-0063,North,Office Supplies,Appliances,1,173.27,41.99,0.05
ORD-00436,2022-07-10,CUST-0012,PROD-0030,West,Office Supplies,Appliances,9,3824.62,918.56,0.15
ORD-00437,2024-02-02,CUST-0118,PROD-0096,East,Furniture,Furnishings,2,403.14,48.02,0.2
ORD-00438,2022-10-01,CUST-0164,PROD-0051,West,Technology,Phones,2,707.2,151.03,0.2
ORD-00439,2024-06-09,CUST-0170,PROD-0017,Central,Office Supplies,Paper,4,1051.52,160.04,0.1
ORD-00440,2023-10-08,CUST-0101,PROD-0090,East,Office Supplies,Appliances,6,2181.11,415.61,0.1
ORD-00441,2023-04-24,CUST-0020,PROD-0026,East,Technology,Phones,3,469.82,57.22,0.2
ORD-00442,2022-08-05,CUST-0043,PROD-0058,West,Furniture,Furnishings,8,919.87,166.77,0.1
ORD-00443,2024-01-04,CUST-0198,PROD-0027,Central,Technology,Monitors,8,1262.74,243.29,0.1
ORD-00444,2022-09-03,CUST-0024,PROD-0021,East,Furniture,Desks,5,90.82,21.74,0.25
ORD-00445,2022-03-24,CUST-0056,PROD-0042,Central,Furniture,Furnishings,3,1200.45,290.79,0.0
ORD-00446,2023-12-30,CUST-0102,PROD-0066,West,Office Supplies,Binders,1,87.02,13.9,0.25
ORD-00447,2022-12-23,CUST-0008,PROD-0052,Central,Technology,Monitors,8,1977.98,493.73,0.2
ORD-00448,2023-05-27,CUST-0025,PROD-0060,East,Technology,Accessories,2,395.5,49.16,0.05
ORD-00449,2022-05-07,CUST-0200,PROD-0029,South,Furniture,Bookcases,3,685.28,181.42,0.05
ORD-00450,2024-02-02,CUST-0176,PROD-0081,Central,Furniture,Desks,2,249.12,54.11,0.2
ORD-00451,2022-06-03,CUST-0006,PROD-0009,North,Technology,Accessories,4,1173.18,221.36,0.25
ORD-00452,2022-09-21,CUST-0024,PROD-0043,East,Office Supplies,Paper,2,542.1,156.37,0.0
ORD-00453,2022-04-14,CUST-0044,PROD-0074,South,Furniture,Desks,7,928.99,166.29,0.25
ORD-00454,2022-03-02,CUST-0098,PROD-0088,West,Furniture,Bookcases,7,2867.55,489.74,0.05
ORD-00455,2023-01-19,CUST-0071,PROD-0036,West,Furniture,Tables,8,2337.38,249.94,0.05
ORD-00456,2023-05-19,CUST-0166,PROD-0038,East,Furniture,Chairs,8,153.54,42.46,0.15
ORD-00457,2024-09-08,CUST-0016,PROD-0012,Central,Furniture,Furnishings,5,330.65,42.14,0.15
ORD-00458,2023-02-13,CUST-0165,PROD-0068,East,Office Supplies,Appliances,4,1471.35,439.67,0.25
ORD-00459,2022-02-09,CUST-0098,PROD-0092,West,Office Supplies,Binders,6,2116.76,442.2,0.15
ORD-00460,2024-09-19,CUST-0089,PROD-0073,North,Furniture,Chairs,9,2359.45,419.22,0.1
ORD-00461,2023-01-04,CUST-0007,PROD-0041,Central,Office Supplies,Binders,10,3340.39,353.62,0.05
ORD-00462,2023-07-30,CUST-0015,PROD-0061,North,Technology,Accessories,9,2389.18,605.34,0.1
ORD-00463,2023-04-22,CUST-0041,PROD-0013,Central,Technology,Monitors,4,254.61,37.74,0.25
ORD-00464,2024-12-28,CUST-0189,PROD-0008,South,Office Supplies,Storage,4,438.4,118.06,0.2
ORD-00465,2024-03-06,CUST-0091,PROD-0023,South,Furniture,Tables,3,774.4,169.21,0.05
ORD-00466,2024-01-05,CUST-0152,PROD-0004,Central,Technology,Phones,6,361.63,76.93,0.2
ORD-00467,2023-01-21,CUST-0127,PROD-0070,East,Furniture,Chairs,5,1290.72,255.68,0.05
ORD-00468,2022-07-04,CUST-0015,PROD-0030,North,Office Supplies,Appliances,10,4749.52,493.88,0.05
ORD-00469,2024-09-05,CUST-0001,PROD-0043,North,Office Supplies,Paper,10,2574.97,672.81,0.05
ORD-00470,2023-11-29,CUST-0184,PROD-0023,East,Furniture,Tables,6,1630.32,170.18,0.0
ORD-00471,2022-10-18,CUST-0199,PROD-0015,West,Office Supplies,Storage,9,328.13,95.85,0.1
ORD-00472,2024-02-05,CUST-0181,PROD-0085,South,Technology,Laptops,7,1570.69,188.81,0.2
ORD-00473,2023-09-11,CUST-0083,PROD-0018,Central,Furniture,Chairs,3,351.72,101.91,0.25
ORD-00474,2024-09-24,CUST-0167,PROD-0041,East,Office Supplies,Binders,3,791.15,232.4,0.25
ORD-00475,2024-01-01,CUST-0058,PROD-0086,Central,Technology,Phones,10,2192.12,385.1,0.05
ORD-00476,2023-08-27,CUST-0033,PROD-0023,East,Furniture,Tables,1,203.79,59.05,0.25
ORD-00477,2024-03-12,CUST-0198,PROD-0073,Central,Furniture,Chairs,1,276.73,61.01,0.05
ORD-00478,2023-03-29,CUST-0164,PROD-0073,West,Furniture,Chairs,2,495.19,63.45,0.15
ORD-00479,2022-06-09,CUST-0061,PROD-0045,East,Furniture,Chairs,6,2353.76,534.86,0.05
ORD-00480,2022-07-01,CUST-0182,PROD-0086,West,Technology,Phones,6,1176.83,120.37,0.15
ORD-00481,2023-03-06,CUST-0064,PROD-0089,Central,Technology,Laptops,2,712.87,107.88,0.1
ORD-00482,2022-08-10,CUST-0185,PROD-0001,North,Office Supplies,Paper,1,366.88,68.84,0.15
ORD-00483,2024-05-09,CUST-0043,PROD-0053,West,Furniture,Bookcases,8,1715.03,291.98,0.15
ORD-00484,2024-02-08,CUST-0026,PROD-0062,East,Furniture,Furnishings,10,1338.3,336.78,0.25
ORD-00485,2023-04-07,CUST-0042,PROD-0058,Central,Furniture,Furnishings,2,255.52,40.62,0.0
ORD-00486,2023-10-15,CUST-0067,PROD-0014,West,Technology,Phones,2,377.5,50.59,0.1
ORD-00487,2024-02-08,CUST-0042,PROD-0094,Central,Office Supplies,Appliances,2,360.3,103.9,0.2
ORD-00488,2022-07-10,CUST-0087,PROD-0077,West,Office Supplies,Paper,10,706.43,170.18,0.15
ORD-00489,2024-06-02,CUST-0168,PROD-0022,Central,Furniture,Desks,10,772.39,101.51,0.15
ORD-00490,2022-07-27,CUST-0085,PROD-0027,North,Technology,Monitors,4,596.29,142.78,0.15
ORD-00491,2023-06-28,CUST-0170,PROD-0037,Central,Office Supplies,Paper,5,1954.43,232.94,0.05
ORD-00492,2024-03-15,CUST-0147,PROD-0071,South,Furniture,Chairs,8,2136.74,236.97,0.05
ORD-00493,2022-01-08,CUST-0110,PROD-0012,South,Furniture,Furnishings,5,291.75,65.65,0.25
ORD-00494,2024-09-10,CUST-0052,PROD-0013,East,Technology,Monitors,1,80.63,10.82,0.05
ORD-00495,2023-08-21,CUST-0021,PROD-0061,North,Technology,Accessories,2,530.93,136.44,0.1
ORD-00496,2024-08-22,CUST-0126,PROD-0085,East,Technology,Laptops,5,1402.4,320.27,0.0
ORD-00497,2024-03-04,CUST-0048,PROD-0048,West,Office Supplies,Art,7,2557.93,351.25,0.1
ORD-00498,2022-04-02,CUST-0068,PROD-0057,East,Technology,Phones,8,2612.45,379.45,0.1
ORD-00499,2023-07-05,CUST-0145,PROD-0008,South,Office Supplies,Storage,3,308.25,71.97,0.25
ORD-00500,2022-06-25,CUST-0172,PROD-0045,North,Furniture,Chairs,9,3158.99,929.19,0.15
ORD-00501,2023-04-11,CUST-0142,PROD-0008,West,Office Supplies,Storage,7,767.2,140.95,0.2
ORD-00502,2024-08-30,CUST-0147,PROD-0031,South,Furniture,Tables,8,314.06,36.37,0.1
ORD-00503,2022-03-13,CUST-0129,PROD-0074,East,Furniture,Desks,9,1274.04,300.05,0.2
ORD-00504,2022-10-29,CUST-0031,PROD-0097,West,Technology,Printers,8,3388.23,981.95,0.05
ORD-00505,2022-12-09,CUST-0055,PROD-0025,East,Technology,Monitors,3,1304.28,240.87,0.0
ORD-00506,2024-06-10,CUST-0052,PROD-0081,East,Furniture,Desks,3,373.68,56.64,0.2
ORD-00507,2022-05-18,CUST-0023,PROD-0050,South,Office Supplies,Appliances,9,1284.66,270.31,0.15
ORD-00508,2023-07-20,CUST-0134,PROD-0059,Central,Furniture,Desks,1,298.91,67.14,0.25
ORD-00509,2024-12-06,CUST-0108,PROD-0015,North,Office Supplies,Storage,7,269.39,34.92,0.05
ORD-00510,2022-07-25,CUST-0028,PROD-0073,North,Furniture,Chairs,2,524.32,143.4,0.1
ORD-00511,2023-12-06,CUST-0106,PROD-0034,Central,Technology,Laptops,7,1774.66,349.82,0.25
ORD-00512,2024-08-26,CUST-0010,PROD-0023,West,Furniture,Tables,5,1154.81,148.71,0.15
ORD-00513,2024-04-02,CUST-0010,PROD-0051,West,Technology,Phones,6,1989.0,293.41,0.25
ORD-00514,2024-08-31,CUST-0069,PROD-0048,West,Office Supplies,Art,1,365.42,96.28,0.1
ORD-00515,2023-09-13,CUST-0080,PROD-0036,Central,Furniture,Tables,8,1845.3,437.28,0.25
ORD-00516,2023-04-12,CUST-0035,PROD-0039,East,Furniture,Furnishings,8,3275.5,504.05,0.1
ORD-00517,2024-05-03,CUST-0155,PROD-0083,East,Technology,Printers,2,111.38,20.98,0.05
ORD-00518,2024-04-13,CUST-0190,PROD-0063,South,Office Supplies,Appliances,9,1477.36,390.32,0.1
ORD-00519,2024-11-21,CUST-0041,PROD-0009,Central,Technology,Accessories,5,1466.47,295.29,0.25
ORD-00520,2022-10-05,CUST-0200,PROD-0068,South,Office Supplies,Appliances,10,4904.5,660.87,0.0
ORD-00521,2023-02-16,CUST-0015,PROD-0032,North,Office Supplies,Paper,1,21.42,2.36,0.15
ORD-00522,2024-01-09,CUST-0181,PROD-0026,South,Technology,Phones,5,880.92,233.18,0.1
ORD-00523,2024-10-31,CUST-0102,PROD-0082,West,Office Supplies,Storage,2,432.94,45.94,0.25
ORD-00524,2024-02-02,CUST-0126,PROD-0077,East,Office Supplies,Paper,8,631.64,184.5,0.05
ORD-00525,2024-08-29,CUST-0151,PROD-0071,East,Furniture,Chairs,6,1518.21,201.47,0.1
ORD-00526,2023-06-14,CUST-0192,PROD-0089,Central,Technology,Laptops,2,712.87,75.2,0.1
ORD-00527,2022-04-12,CUST-0042,PROD-0074,Central,Furniture,Desks,4,672.41,154.3,0.05
ORD-00528,2023-02-28,CUST-0069,PROD-0084,West,Technology,Laptops,7,1868.22,194.31,0.2
ORD-00529,2022-01-19,CUST-0122,PROD-0017,North,Office Supplies,Paper,3,701.02,182.39,0.2
ORD-00530,2023-04-04,CUST-0065,PROD-0078,West,Office Supplies,Art,5,1863.82,546.85,0.25
ORD-00531,2023-07-18,CUST-0109,PROD-0049,West,Office Supplies,Storage,6,1139.49,171.38,0.15
ORD-00532,2024-08-13,CUST-0078,PROD-0087,North,Office Supplies,Storage,9,187.13,33.58,0.2
ORD-00533,2022-07-29,CUST-0002,PROD-0066,East,Office Supplies,Binders,6,556.94,127.8,0.2
ORD-00534,2023-08-02,CUST-0077,PROD-0088,North,Furniture,Bookcases,2,733.06,82.67,0.15
ORD-00535,2023-07-21,CUST-0164,PROD-0042,West,Furniture,Furnishings,5,1800.67,416.36,0.1
ORD-00536,2023-09-04,CUST-0049,PROD-0020,West,Office Supplies,Appliances,9,2130.92,596.52,0.05
ORD-00537,2024-04-07,CUST-0170,PROD-0041,Central,Office Supplies,Binders,3,791.15,83.14,0.25
ORD-00538,2024-10-15,CUST-0076,PROD-0034,South,Technology,Laptops,7,2011.28,357.31,0.15
ORD-00539,2022-03-14,CUST-0150,PROD-0091,South,Technology,Monitors,10,2629.98,443.5,0.05
ORD-00540,2023-04-01,CUST-0176,PROD-0069,Central,Technology,Accessories,8,1120.98,192.47,0.25
ORD-00541,2023-09-07,CUST-0044,PROD-0085,South,Technology,Laptops,9,2398.1,380.71,0.05
ORD-00542,2024-08-22,CUST-0033,PROD-0095,East,Furniture,Bookcases,5,777.11,203.35,0.25
ORD-00543,2023-01-10,CUST-0175,PROD-0043,North,Office Supplies,Paper,2,515.0,88.09,0.05
ORD-00544,2023-09-21,CUST-0108,PROD-0043,North,Office Supplies,Paper,6,1463.67,317.78,0.1
ORD-00545,2024-08-07,CUST-0031,PROD-0061,West,Technology,Accessories,1,221.22,47.94,0.25
ORD-00546,2022-05-26,CUST-0121,PROD-0025,East,Technology,Monitors,9,3912.84,1070.16,0.0
ORD-00547,2024-02-21,CUST-0136,PROD-0039,East,Furniture,Furnishings,7,3184.51,873.1,0.0
ORD-00548,2022-11-05,CUST-0036,PROD-0026,Central,Technology,Phones,6,998.38,296.96,0.15
ORD-00549,2024-07-26,CUST-0037,PROD-0041,South,Office Supplies,Binders,3,1054.86,208.35,0.0
ORD-00550,2022-12-29,CUST-0081,PROD-0082,West,Office Supplies,Storage,1,288.63,54.96,0.0
ORD-00551,2023-03-05,CUST-0195,PROD-0100,North,Office Supplies,Appliances,3,1199.5,303.35,0.2
ORD-00552,2024-09-29,CUST-0196,PROD-0100,West,Office Supplies,Appliances,2,949.6,211.66,0.05
ORD-00553,2024-05-29,CUST-0104,PROD-0055,West,Furniture,Bookcases,8,3001.25,302.93,0.15
ORD-00554,2024-12-29,CUST-0052,PROD-0094,East,Office Supplies,Appliances,6,1351.14,376.16,0.0
ORD-00555,2024-12-23,CUST-0049,PROD-0003,West,Office Supplies,Appliances,1,25.96,6.4,0.25
ORD-00556,2023-04-09,CUST-0178,PROD-0045,Central,Furniture,Chairs,5,1961.46,236.44,0.05
ORD-00557,2024-10-27,CUST-0151,PROD-0040,East,Furniture,Desks,3,321.54,85.13,0.0
ORD-00558,2023-09-03,CUST-0075,PROD-0059,North,Furniture,Desks,9,2869.49,587.74,0.2
ORD-00559,2024-06-07,CUST-0176,PROD-0018,Central,Furniture,Chairs,6,797.23,137.0,0.15
ORD-00560,2023-01-21,CUST-0043,PROD-0052,West,Technology,Monitors,1,293.61,42.53,0.05
ORD-00561,2022-09-26,CUST-0055,PROD-0094,East,Office Supplies,Appliances,1,180.15,36.2,0.2
ORD-00562,2022-09-10,CUST-0094,PROD-0092,South,Office Supplies,Binders,1,352.79,97.13,0.15
ORD-00563,2023-06-08,CUST-0198,PROD-0069,Central,Technology,Accessories,10,1868.3,408.76,0.0
ORD-00564,2022-04-09,CUST-0170,PROD-0014,Central,Technology,Phones,1,209.72,49.9,0.0
ORD-00565,2024-05-03,CUST-0114,PROD-0049,Central,Office Supplies,Storage,2,357.49,53.82,0.2
ORD-00566,2022-11-10,CUST-0053,PROD-0089,North,Technology,Laptops,1,356.44,65.65,0.1
ORD-00567,2022-07-26,CUST-0170,PROD-0067,Central,Furniture,Bookcases,5,1195.6,264.38,0.2
ORD-00568,2022-10-08,CUST-0108,PROD-0014,North,Technology,Phones,9,1415.61,316.44,0.25
ORD-00569,2023-08-02,CUST-0030,PROD-0014,South,Technology,Phones,8,1593.87,353.52,0.05
ORD-00570,2023-06-23,CUST-0134,PROD-0026,Central,Technology,Phones,6,880.92,160.28,0.25
ORD-00571,2022-11-25,CUST-0011,PROD-0071,North,Furniture,Chairs,8,2136.74,507.78,0.05
ORD-00572,2024-09-11,CUST-0085,PROD-0031,North,Furniture,Tables,1,43.62,10.22,0.0
ORD-00573,2022-08-15,CUST-0147,PROD-0086,South,Technology,Phones,8,1753.7,508.38,0.05
ORD-00574,2024-11-13,CUST-0020,PROD-0093,East,Technology,Phones,2,717.1,164.12,0.1
ORD-00575,2024-07-24,CUST-0076,PROD-0034,South,Technology,Laptops,8,2704.24,324.41,0.0
ORD-00576,2022-12-24,CUST-0011,PROD-0038,North,Furniture,Chairs,6,101.61,16.52,0.25
ORD-00577,2022-08-26,CUST-0025,PROD-0098,East,Office Supplies,Art,1,132.68,35.88,0.0
ORD-00578,2022-12-16,CUST-0085,PROD-0046,North,Technology,Monitors,8,2057.22,316.12,0.2
ORD-00579,2022-07-10,CUST-0096,PROD-0044,Central,Office Supplies,Art,3,773.76,139.4,0.0
ORD-00580,2024-07-23,CUST-0070,PROD-0050,South,Office Supplies,Appliances,8,1141.92,262.38,0.15
ORD-00581,2022-12-08,CUST-0029,PROD-0017,South,Office Supplies,Paper,1,277.49,33.5,0.05
ORD-00582,2024-09-15,CUST-0146,PROD-0087,East,Office Supplies,Storage,8,197.52,43.9,0.05
ORD-00583,2024-01-05,CUST-0157,PROD-0004,North,Technology,Phones,3,192.12,54.58,0.15
ORD-00584,2022-08-20,CUST-0106,PROD-0057,Central,Technology,Phones,1,362.84,55.27,0.0
ORD-00585,2023-10-06,CUST-0004,PROD-0091,Central,Technology,Monitors,9,1868.67,402.38,0.25
ORD-00586,2023-04-04,CUST-0172,PROD-0044,North,Office Supplies,Art,9,1857.02,441.32,0.2
ORD-00587,2022-07-15,CUST-0111,PROD-0085,North,Technology,Laptops,4,953.63,161.31,0.15
ORD-00588,2024-02-28,CUST-0039,PROD-0072,South,Office Supplies,Binders,10,4355.5,445.69,0.0
ORD-00589,2022-11-18,CUST-0130,PROD-0061,Central,Technology,Accessories,8,2241.7,257.74,0.05
ORD-00590,2024-10-03,CUST-0083,PROD-0031,Central,Furniture,Tables,6,235.55,25.93,0.1
ORD-00591,2023-04-02,CUST-0141,PROD-0083,East,Technology,Printers,7,348.79,91.88,0.15
ORD-00592,2022-06-11,CUST-0118,PROD-0057,East,Technology,Phones,10,3084.14,362.71,0.15
ORD-00593,2024-10-17,CUST-0115,PROD-0041,Central,Office Supplies,Binders,2,597.75,148.87,0.15
ORD-00594,2022-02-06,CUST-0027,PROD-0052,East,Technology,Monitors,7,2163.42,457.4,0.0
ORD-00595,2022-01-01,CUST-0024,PROD-0078,East,Office Supplies,Art,10,3727.65,599.85,0.25
ORD-00596,2024-11-07,CUST-0144,PROD-0027,North,Technology,Monitors,8,1262.74,218.04,0.1
ORD-00597,2022-04-22,CUST-0058,PROD-0059,Central,Furniture,Desks,6,1912.99,484.91,0.2
ORD-00598,2024-08-26,CUST-0184,PROD-0085,East,Technology,Laptops,6,1262.16,240.45,0.25
ORD-00599,2022-07-19,CUST-0195,PROD-0085,North,Technology,Laptops,4,1121.92,188.79,0.0
ORD-00600,2023-08-21,CUST-0141,PROD-0067,East,Furniture,Bookcases,6,1345.05,163.11,0.25
ORD-00601,2022-12-03,CUST-0127,PROD-0018,East,Furniture,Chairs,7,1094.24,165.07,0.0
ORD-00602,2023-02-06,CUST-0049,PROD-0016,West,Furniture,Desks,7,1969.73,377.02,0.05
ORD-00603,2023-01-26,CUST-0184,PROD-0044,East,Office Supplies,Art,2,438.46,47.92,0.15
ORD-00604,2022-09-10,CUST-0198,PROD-0058,Central,Furniture,Furnishings,8,766.56,167.01,0.25
ORD-00605,2024-10-29,CUST-0035,PROD-0064,East,Furniture,Bookcases,1,106.55,26.34,0.2
ORD-00606,2024-06-05,CUST-0150,PROD-0062,South,Furniture,Furnishings,9,1525.66,363.66,0.05
ORD-00607,2022-12-22,CUST-0188,PROD-0017,West,Office Supplies,Paper,2,496.55,114.95,0.15
ORD-00608,2023-10-22,CUST-0130,PROD-0050,Central,Office Supplies,Appliances,7,940.41,266.31,0.2
ORD-00609,2023-05-24,CUST-0071,PROD-0051,West,Technology,Phones,6,2386.8,454.85,0.1
ORD-00610,2022-10-01,CUST-0036,PROD-0053,Central,Furniture,Bookcases,10,1891.57,524.51,0.25
ORD-00611,2024-11-15,CUST-0077,PROD-0090,North,Office Supplies,Appliances,9,3271.67,792.97,0.1
ORD-00612,2023-03-22,CUST-0052,PROD-0027,East,Technology,Monitors,10,1315.35,207.98,0.25
ORD-00613,2023-12-09,CUST-0173,PROD-0017,North,Office Supplies,Paper,3,701.02,146.16,0.2
ORD-00614,2023-10-23,CUST-0182,PROD-0015,West,Office Supplies,Storage,6,194.45,38.13,0.2
ORD-00615,2024-05-04,CUST-0173,PROD-0096,North,Furniture,Furnishings,9,2040.88,562.25,0.1
ORD-00616,2024-05-15,CUST-0004,PROD-0067,Central,Furniture,Bookcases,2,597.8,105.32,0.0
ORD-00617,2022-04-19,CUST-0172,PROD-0008,North,Office Supplies,Storage,4,493.2,123.32,0.1
ORD-00618,2022-11-26,CUST-0074,PROD-0088,South,Furniture,Bookcases,5,2048.25,548.68,0.05
ORD-00619,2023-08-28,CUST-0053,PROD-0097,North,Technology,Printers,9,4012.38,689.07,0.0
ORD-00620,2024-07-15,CUST-0027,PROD-0079,East,Technology,Printers,9,1829.1,454.5,0.05
ORD-00621,2024-03-07,CUST-0061,PROD-0066,East,Office Supplies,Binders,5,435.11,101.34,0.25
ORD-00622,2024-02-21,CUST-0100,PROD-0054,West,Furniture,Tables,6,546.91,60.58,0.2
ORD-00623,2023-05-30,CUST-0052,PROD-0080,East,Office Supplies,Appliances,8,2964.68,836.92,0.05
ORD-00624,2024-01-24,CUST-0194,PROD-0076,South,Technology,Monitors,9,312.52,68.97,0.25
ORD-00625,2023-02-01,CUST-0076,PROD-0058,South,Furniture,Furnishings,3,287.46,33.03,0.25
ORD-00626,2022-12-22,CUST-0189,PROD-0066,South,Office Supplies,Binders,2,197.25,21.33,0.15
ORD-00627,2023-07-26,CUST-0143,PROD-0034,West,Technology,Laptops,3,963.39,208.86,0.05
ORD-00628,2023-06-07,CUST-0002,PROD-0043,East,Office Supplies,Paper,8,1626.3,467.56,0.25
ORD-00629,2022-03-23,CUST-0040,PROD-0042,South,Furniture,Furnishings,10,4001.5,1019.31,0.0
ORD-00630,2023-09-09,CUST-0126,PROD-0074,East,Furniture,Desks,9,1433.3,164.22,0.1
ORD-00631,2023-10-13,CUST-0135,PROD-0029,East,Furniture,Bookcases,3,577.08,65.58,0.2
ORD-00632,2024-10-31,CUST-0041,PROD-0054,Central,Furniture,Tables,9,820.37,148.23,0.2
ORD-00633,2023-12-17,CUST-0057,PROD-0028,East,Furniture,Bookcases,6,2570.89,442.6,0.1
ORD-00634,2023-03-24,CUST-0193,PROD-0080,South,Office Supplies,Appliances,9,2984.19,893.25,0.15
ORD-00635,2022-01-19,CUST-0030,PROD-0086,South,Technology,Phones,6,1176.83,174.25,0.15
ORD-00636,2023-05-15,CUST-0011,PROD-0088,North,Furniture,Bookcases,6,2199.17,622.78,0.15
ORD-00637,2022-08-21,CUST-0099,PROD-0033,West,Technology,Laptops,9,2122.54,332.32,0.25
ORD-00638,2024-11-24,CUST-0198,PROD-0048,Central,Office Supplies,Art,9,2923.34,552.84,0.2
ORD-00639,2022-03-31,CUST-0076,PROD-0084,South,Technology,Laptops,4,1201.0,243.54,0.1
ORD-00640,2022-07-16,CUST-0043,PROD-0099,West,Technology,Laptops,9,3021.26,306.56,0.2
ORD-00641,2022-05-15,CUST-0054,PROD-0086,South,Technology,Phones,4,692.25,127.96,0.25
ORD-00642,2022-08-01,CUST-0053,PROD-0069,North,Technology,Accessories,7,980.86,258.31,0.25
ORD-00643,2022-05-28,CUST-0192,PROD-0088,Central,Furniture,Bookcases,3,1293.63,248.18,0.0
ORD-00644,2023-11-11,CUST-0010,PROD-0012,West,Furniture,Furnishings,2,155.6,21.1,0.0
ORD-00645,2023-05-31,CUST-0143,PROD-0010,West,Furniture,Tables,10,2142.63,604.64,0.05
ORD-00646,2024-04-14,CUST-0100,PROD-0058,West,Furniture,Furnishings,7,760.17,124.12,0.15
ORD-00647,2024-03-08,CUST-0173,PROD-0016,North,Furniture,Desks,9,2665.8,608.56,0.0
ORD-00648,2022-05-10,CUST-0194,PROD-0096,South,Furniture,Furnishings,10,2519.6,605.15,0.0
ORD-00649,2022-05-29,CUST-0092,PROD-0065,West,Technology,Laptops,2,123.44,31.77,0.1
ORD-00650,2023-09-10,CUST-0156,PROD-0012,South,Furniture,Furnishings,5,330.65,58.29,0.15
ORD-00651,2022-03-05,CUST-0122,PROD-0021,North,Furniture,Desks,9,207.08,26.36,0.05
ORD-00652,2024-03-11,CUST-0140,PROD-0038,North,Furniture,Chairs,3,60.97,14.36,0.1
ORD-00653,2024-02-04,CUST-0003,PROD-0071,South,Furniture,Chairs,9,2403.83,299.63,0.05
ORD-00654,2022-01-11,CUST-0147,PROD-0077,South,Office Supplies,Paper,7,465.42,97.51,0.2
ORD-00655,2022-06-24,CUST-0079,PROD-0027,North,Technology,Monitors,6,999.67,182.47,0.05
ORD-00656,2024-11-15,CUST-0037,PROD-0021,South,Furniture,Desks,3,69.03,15.42,0.05
ORD-00657,2023-06-02,CUST-0050,PROD-0015,Central,Office Supplies,Storage,3,91.15,23.69,0.25
ORD-00658,2022-04-22,CUST-0193,PROD-0071,South,Furniture,Chairs,8,1686.9,354.14,0.25
ORD-00659,2023-08-19,CUST-0172,PROD-0009,North,Technology,Accessories,5,1955.3,272.73,0.0
ORD-00660,2024-09-24,CUST-0085,PROD-0046,North,Technology,Monitors,3,723.24,167.14,0.25
ORD-00661,2022-07-24,CUST-0073,PROD-0080,West,Office Supplies,Appliances,2,741.17,121.22,0.05
ORD-00662,2024-07-11,CUST-0085,PROD-0079,North,Technology,Printers,5,802.24,173.95,0.25
ORD-00663,2024-01-17,CUST-0081,PROD-0055,West,Furniture,Bookcases,3,1324.08,215.35,0.0
ORD-00664,2023-03-30,CUST-0183,PROD-0095,South,Furniture,Bookcases,7,1305.55,349.92,0.1
ORD-00665,2022-10-03,CUST-0174,PROD-0094,South,Office Supplies,Appliances,6,1148.47,221.16,0.15
ORD-00666,2024-01-05,CUST-0199,PROD-0040,West,Furniture,Desks,8,685.95,83.53,0.2
ORD-00667,2022-06-17,CUST-0072,PROD-0018,East,Furniture,Chairs,9,1336.54,204.02,0.05
ORD-00668,2022-06-06,CUST-0187,PROD-0010,Central,Furniture,Tables,1,180.43,40.84,0.2
ORD-00669,2024-04-09,CUST-0197,PROD-0076,West,Technology,Monitors,4,185.2,38.95,0.0
ORD-00670,2024-08-24,CUST-0168,PROD-0100,Central,Office Supplies,Appliances,3,1349.43,240.87,0.1
ORD-00671,2023-08-19,CUST-0035,PROD-0060,East,Technology,Accessories,9,1498.75,177.02,0.2
ORD-00672,2024-01-16,CUST-0129,PROD-0002,East,Technology,Monitors,4,307.78,72.89,0.2
ORD-00673,2024-11-18,CUST-0036,PROD-0058,Central,Furniture,Furnishings,3,364.12,77.66,0.05
ORD-00674,2022-10-27,CUST-0189,PROD-0094,South,Office Supplies,Appliances,8,1621.37,175.24,0.1
ORD-00675,2024-09-25,CUST-0060,PROD-0009,Central,Technology,Accessories,5,1759.77,258.34,0.1
ORD-00676,2023-02-28,CUST-0133,PROD-0047,North,Furniture,Tables,7,573.04,162.5,0.15
ORD-00677,2022-04-06,CUST-0011,PROD-0084,North,Technology,Laptops,6,2001.66,481.89,0.0
ORD-00678,2024-12-03,CUST-0163,PROD-0036,East,Furniture,Tables,5,1230.2,256.95,0.2
ORD-00679,2022-12-23,CUST-0097,PROD-0084,South,Technology,Laptops,7,2101.74,457.2,0.1
ORD-00680,2022-06-09,CUST-0133,PROD-0033,North,Technology,Laptops,7,2091.09,425.06,0.05
ORD-00681,2023-12-24,CUST-0089,PROD-0063,North,Office Supplies,Appliances,8,1167.3,118.27,0.2
ORD-00682,2022-10-12,CUST-0113,PROD-0022,South,Furniture,Desks,4,363.48,73.75,0.0
ORD-00683,2023-07-30,CUST-0055,PROD-0020,East,Office Supplies,Appliances,3,710.31,122.49,0.05
ORD-00684,2022-08-31,CUST-0170,PROD-0030,Central,Office Supplies,Appliances,7,3149.68,768.68,0.1
ORD-00685,2024-09-13,CUST-0173,PROD-0062,North,Furniture,Furnishings,8,1356.14,295.85,0.05
ORD-00686,2024-04-21,CUST-0006,PROD-0032,North,Office Supplies,Paper,1,23.94,5.14,0.05
ORD-00687,2022-11-26,CUST-0035,PROD-0081,East,Furniture,Desks,9,1401.3,389.78,0.0
ORD-00688,2022-10-28,CUST-0015,PROD-0022,North,Furniture,Desks,5,431.63,87.76,0.05
ORD-00689,2024-04-10,CUST-0154,PROD-0073,West,Furniture,Chairs,1,218.47,53.66,0.25
ORD-00690,2023-08-04,CUST-0022,PROD-0028,South,Furniture,Bookcases,8,3046.98,909.69,0.2
ORD-00691,2024-09-13,CUST-0044,PROD-0029,South,Furniture,Bookcases,7,1346.52,173.08,0.2
ORD-00692,2023-01-08,CUST-0160,PROD-0085,South,Technology,Laptops,9,2271.89,303.4,0.1
ORD-00693,2023-12-03,CUST-0117,PROD-0077,Central,Office Supplies,Paper,10,831.1,121.31,0.0
ORD-00694,2024-02-29,CUST-0034,PROD-0014,North,Technology,Phones,1,199.23,40.75,0.05
ORD-00695,2024-10-29,CUST-0176,PROD-0054,Central,Furniture,Tables,3,273.46,32.61,0.2
ORD-00696,2024-09-01,CUST-0158,PROD-0077,West,Office Supplies,Paper,1,66.49,13.34,0.2
ORD-00697,2022-08-29,CUST-0024,PROD-0062,East,Furniture,Furnishings,3,428.26,89.02,0.2
ORD-00698,2022-01-03,CUST-0199,PROD-0087,West,Office Supplies,Storage,7,145.54,26.8,0.2
ORD-00699,2022-03-30,CUST-0179,PROD-0068,West,Office Supplies,Appliances,7,3261.49,938.28,0.05
ORD-00700,2024-09-14,CUST-0197,PROD-0049,West,Office Supplies,Storage,6,1072.46,279.83,0.2
ORD-00701,2022-07-20,CUST-0109,PROD-0018,West,Furniture,Chairs,5,664.36,168.2,0.15
ORD-00702,2022-06-21,CUST-0073,PROD-0077,West,Office Supplies,Paper,9,635.79,96.36,0.15
ORD-00703,2022-01-12,CUST-0182,PROD-0096,West,Furniture,Furnishings,1,201.57,41.22,0.2
ORD-00704,2024-11-30,CUST-0002,PROD-0049,East,Office Supplies,Storage,4,670.29,174.85,0.25
ORD-00705,2024-04-17,CUST-0093,PROD-0014,South,Technology,Phones,3,534.79,123.17,0.15
ORD-00706,2023-06-04,CUST-0067,PROD-0069,West,Technology,Accessories,7,1046.25,181.14,0.2
ORD-00707,2023-07-19,CUST-0175,PROD-0051,North,Technology,Phones,4,1502.8,316.22,0.15
ORD-00708,2024-09-15,CUST-0046,PROD-0048,South,Office Supplies,Art,9,2923.34,575.17,0.2
ORD-00709,2023-09-21,CUST-0148,PROD-0045,North,Furniture,Chairs,7,2167.93,276.66,0.25
ORD-00710,2022-09-01,CUST-0192,PROD-0030,Central,Office Supplies,Appliances,8,2999.7,869.46,0.25
ORD-00711,2022-07-25,CUST-0055,PROD-0066,East,Office Supplies,Binders,7,730.99,190.18,0.1
ORD-00712,2022-04-17,CUST-0042,PROD-0050,Central,Office Supplies,Appliances,1,167.93,44.44,0.0
ORD-00713,2024-08-23,CUST-0154,PROD-0056,West,Office Supplies,Art,2,29.94,4.57,0.0
ORD-00714,2024-01-30,CUST-0021,PROD-0078,North,Office Supplies,Art,1,372.76,65.93,0.25
ORD-00715,2024-03-31,CUST-0158,PROD-0084,West,Technology,Laptops,9,2702.24,654.81,0.1
ORD-00716,2022-04-28,CUST-0199,PROD-0023,West,Furniture,Tables,8,1847.7,188.73,0.15
ORD-00717,2024-11-27,CUST-0074,PROD-0025,South,Technology,Monitors,1,347.81,70.3,0.2
ORD-00718,2023-04-20,CUST-0158,PROD-0022,West,Furniture,Desks,1,81.78,12.09,0.1
ORD-00719,2022-01-01,CUST-0041,PROD-0012,Central,Furniture,Furnishings,5,330.65,56.42,0.15
ORD-00720,2024-03-20,CUST-0104,PROD-0076,West,Technology,Monitors,4,148.16,15.27,0.2
ORD-00721,2022-05-21,CUST-0024,PROD-0071,East,Furniture,Chairs,5,1054.31,280.4,0.25
ORD-00722,2023-12-14,CUST-0089,PROD-0036,North,Furniture,Tables,4,984.16,287.98,0.2
ORD-00723,2024-07-20,CUST-0104,PROD-0074,West,Furniture,Desks,1,159.25,21.5,0.1
ORD-00724,2024-11-02,CUST-0028,PROD-0072,North,Office Supplies,Binders,2,696.88,110.7,0.2
ORD-00725,2022-08-28,CUST-0132,PROD-0033,North,Technology,Laptops,9,2264.04,339.67,0.2
ORD-00726,2024-06-25,CUST-0097,PROD-0073,South,Furniture,Chairs,8,2213.8,556.76,0.05
ORD-00727,2024-07-28,CUST-0175,PROD-0059,North,Furniture,Desks,10,3985.4,782.71,0.0
ORD-00728,2023-06-13,CUST-0018,PROD-0049,West,Office Supplies,Storage,4,670.29,161.03,0.25
ORD-00729,2023-10-09,CUST-0106,PROD-0046,Central,Technology,Monitors,9,2314.37,235.94,0.2
ORD-00730,2023-06-24,CUST-0064,PROD-0037,Central,Office Supplies,Paper,2,699.48,164.2,0.15
ORD-00731,2023-12-02,CUST-0020,PROD-0071,East,Furniture,Chairs,3,716.93,116.7,0.15
ORD-00732,2023-03-24,CUST-0147,PROD-0035,South,Office Supplies,Binders,3,793.66,187.8,0.25
ORD-00733,2023-01-25,CUST-0128,PROD-0095,West,Furniture,Bookcases,4,787.47,194.57,0.05
ORD-00734,2023-06-28,CUST-0053,PROD-0030,North,Office Supplies,Appliances,4,1899.81,507.76,0.05
ORD-00735,2023-12-31,CUST-0040,PROD-0100,South,Office Supplies,Appliances,2,999.58,283.92,0.0
ORD-00736,2024-10-05,CUST-0158,PROD-0001,West,Office Supplies,Paper,9,3884.58,1047.29,0.0
ORD-00737,2024-01-31,CUST-0159,PROD-0041,West,Office Supplies,Binders,8,2250.37,616.05,0.2
ORD-00738,2024-10-02,CUST-0047,PROD-0098,West,Office Supplies,Art,9,1074.71,192.99,0.1
ORD-00739,2022-09-20,CUST-0014,PROD-0068,North,Office Supplies,Appliances,7,2918.18,840.23,0.15
ORD-00740,2022-03-08,CUST-0129,PROD-0045,East,Furniture,Chairs,7,2167.93,553.21,0.25
ORD-00741,2024-07-25,CUST-0031,PROD-0090,West,Office Supplies,Appliances,9,3089.91,504.06,0.15
ORD-00742,2022-01-18,CUST-0004,PROD-0087,Central,Office Supplies,Storage,4,88.37,19.11,0.15
ORD-00743,2023-10-29,CUST-0093,PROD-0079,South,Technology,Printers,5,1016.17,213.1,0.05
ORD-00744,2023-05-01,CUST-0069,PROD-0061,West,Technology,Accessories,10,2654.64,459.74,0.1
ORD-00745,2024-10-18,CUST-0109,PROD-0027,West,Technology,Monitors,7,920.74,230.59,0.25
ORD-00746,2024-01-18,CUST-0103,PROD-0036,Central,Furniture,Tables,8,2337.38,500.86,0.05
ORD-00747,2023-04-14,CUST-0026,PROD-0093,East,Technology,Phones,5,1892.35,399.41,0.05
ORD-00748,2024-02-20,CUST-0051,PROD-0019,North,Furniture,Desks,3,959.51,250.56,0.15
ORD-00749,2022-12-28,CUST-0108,PROD-0064,North,Furniture,Bookcases,3,299.68,60.96,0.25
ORD-00750,2023-10-09,CUST-0125,PROD-0039,Central,Furniture,Furnishings,5,1819.72,494.42,0.2
ORD-00751,2022-04-08,CUST-0102,PROD-0013,West,Technology,Monitors,3,254.61,36.43,0.0
ORD-00752,2023-06-05,CUST-0122,PROD-0081,North,Furniture,Desks,2,264.69,65.89,0.15
ORD-00753,2023-06-17,CUST-0093,PROD-0047,South,Furniture,Tables,9,693.43,198.58,0.2
ORD-00754,2023-06-12,CUST-0089,PROD-0003,North,Office Supplies,Appliances,7,242.27,41.24,0.0
ORD-00755,2023-02-12,CUST-0148,PROD-0074,North,Furniture,Desks,9,1512.92,447.63,0.05
ORD-00756,2023-08-06,CUST-0091,PROD-0042,South,Furniture,Furnishings,9,3061.15,780.44,0.15
ORD-00757,2024-07-04,CUST-0021,PROD-0049,North,Office Supplies,Storage,10,2010.87,387.6,0.1
ORD-00758,2022-10-24,CUST-0043,PROD-0082,West,Office Supplies,Storage,6,1472.01,333.05,0.15
ORD-00759,2024-04-08,CUST-0019,PROD-0011,East,Office Supplies,Art,3,386.48,56.29,0.1
ORD-00760,2023-10-11,CUST-0168,PROD-0038,Central,Furniture,Chairs,5,90.32,20.68,0.2
ORD-00761,2023-07-10,CUST-0114,PROD-0100,Central,Office Supplies,Appliances,6,2249.06,488.91,0.25
ORD-00762,2024-07-11,CUST-0106,PROD-0022,Central,Furniture,Desks,3,272.61,34.08,0.0
ORD-00763,2023-04-26,CUST-0170,PROD-0033,Central,Technology,Laptops,2,597.45,79.69,0.05
ORD-00764,2022-07-30,CUST-0025,PROD-0009,East,Technology,Accessories,8,2502.78,277.22,0.2
ORD-00765,2024-03-24,CUST-0135,PROD-0098,East,Office Supplies,Art,2,265.36,40.46,0.0
ORD-00766,2022-11-15,CUST-0022,PROD-0084,South,Technology,Laptops,7,2101.74,306.58,0.1
ORD-00767,2023-08-05,CUST-0114,PROD-0081,Central,Furniture,Desks,3,443.74,91.12,0.05
ORD-00768,2022-12-16,CUST-0008,PROD-0005,Central,Furniture,Furnishings,6,1629.56,444.62,0.1
ORD-00769,2024-08-14,CUST-0139,PROD-0035,West,Office Supplies,Binders,9,2698.46,342.77,0.15
ORD-00770,2022-12-29,CUST-0152,PROD-0077,Central,Office Supplies,Paper,8,498.66,124.56,0.25
ORD-00771,2024-06-09,CUST-0135,PROD-0082,East,Office Supplies,Storage,9,2337.9,658.78,0.1
ORD-00772,2024-09-13,CUST-0139,PROD-0030,West,Office Supplies,Appliances,2,849.91,137.32,0.15
ORD-00773,2024-04-24,CUST-0067,PROD-0020,West,Office Supplies,Appliances,5,1246.15,124.64,0.0
ORD-00774,2022-10-07,CUST-0089,PROD-0037,North,Office Supplies,Paper,8,2633.34,267.71,0.2
ORD-00775,2024-10-04,CUST-0194,PROD-0062,South,Furniture,Furnishings,5,892.2,225.88,0.0
ORD-00776,2023-08-23,CUST-0153,PROD-0030,South,Office Supplies,Appliances,1,399.96,69.88,0.2
ORD-00777,2024-04-23,CUST-0144,PROD-0056,North,Office Supplies,Art,7,99.55,13.21,0.05
ORD-00778,2024-03-09,CUST-0097,PROD-0029,South,Furniture,Bookcases,5,1202.25,221.75,0.0
ORD-00779,2023-05-06,CUST-0133,PROD-0098,North,Office Supplies,Art,10,995.1,235.77,0.25
ORD-00780,2023-08-07,CUST-0167,PROD-0096,East,Furniture,Furnishings,9,2040.88,372.63,0.1
ORD-00781,2022-05-21,CUST-0047,PROD-0018,West,Furniture,Chairs,5,781.6,177.72,0.0
ORD-00782,2024-07-16,CUST-0070,PROD-0090,South,Office Supplies,Appliances,10,3433.24,472.27,0.15
ORD-00783,2022-02-09,CUST-0039,PROD-0007,South,Furniture,Furnishings,9,4046.67,555.15,0.0
ORD-00784,2022-07-29,CUST-0073,PROD-0035,West,Office Supplies,Binders,3,793.66,148.96,0.25
ORD-00785,2022-01-17,CUST-0060,PROD-0012,Central,Furniture,Furnishings,3,233.4,46.38,0.0
ORD-00786,2023-12-02,CUST-0108,PROD-0040,North,Furniture,Desks,8,771.7,148.74,0.1
ORD-00787,2022-03-06,CUST-0085,PROD-0011,North,Office Supplies,Art,3,429.42,65.83,0.0
ORD-00788,2024-03-14,CUST-0019,PROD-0070,East,Furniture,Chairs,8,2065.15,285.9,0.05
ORD-00789,2023-05-28,CUST-0098,PROD-0002,West,Technology,Monitors,2,144.27,21.61,0.25
ORD-00790,2024-06-26,CUST-0064,PROD-0095,Central,Furniture,Bookcases,1,196.87,37.83,0.05
ORD-00791,2022-07-12,CUST-0134,PROD-0086,Central,Technology,Phones,4,784.55,139.51,0.15
ORD-00792,2023-10-02,CUST-0083,PROD-0021,Central,Furniture,Desks,1,18.16,5.22,0.25
ORD-00793,2024-12-02,CUST-0032,PROD-0033,Central,Technology,Laptops,8,1886.7,301.42,0.25
ORD-00794,2024-01-09,CUST-0014,PROD-0086,North,Technology,Phones,4,923.0,135.86,0.0
ORD-00795,2024-06-08,CUST-0084,PROD-0002,West,Technology,Monitors,3,259.69,56.34,0.1
ORD-00796,2024-03-21,CUST-0063,PROD-0002,South,Technology,Monitors,1,76.94,19.75,0.2
ORD-00797,2024-08-31,CUST-0177,PROD-0077,North,Office Supplies,Paper,3,224.4,57.03,0.1
ORD-00798,2023-05-25,CUST-0041,PROD-0064,Central,Furniture,Bookcases,2,199.78,44.7,0.25
ORD-00799,2022-05-03,CUST-0016,PROD-0046,Central,Technology,Monitors,3,723.24,149.91,0.25
ORD-00800,2022-08-08,CUST-0033,PROD-0063,East,Office Supplies,Appliances,4,656.6,194.57,0.1
ORD-00801,2023-12-13,CUST-0113,PROD-0094,South,Office Supplies,Appliances,4,900.76,214.25,0.0
ORD-00802,2024-01-04,CUST-0186,PROD-0018,South,Furniture,Chairs,5,781.6,154.02,0.0
ORD-00803,2024-06-15,CUST-0144,PROD-0038,North,Furniture,Chairs,9,152.41,30.18,0.25
ORD-00804,2023-01-18,CUST-0140,PROD-0045,North,Furniture,Chairs,6,1858.23,359.9,0.25
ORD-00805,2022-11-25,CUST-0018,PROD-0068,West,Office Supplies,Appliances,3,1250.65,199.02,0.15
ORD-00806,2023-06-24,CUST-0139,PROD-0047,West,Furniture,Tables,8,770.48,196.61,0.0
ORD-00807,2024-11-02,CUST-0098,PROD-0094,West,Office Supplies,Appliances,3,675.57,151.29,0.0
ORD-00808,2024-01-16,CUST-0199,PROD-0080,West,Office Supplies,Appliances,4,1404.32,342.94,0.1
ORD-00809,2024-03-04,CUST-0049,PROD-0068,West,Office Supplies,Appliances,8,3138.88,410.65,0.2
ORD-00810,2023-08-03,CUST-0083,PROD-0053,Central,Furniture,Bookcases,6,1513.26,180.46,0.0
ORD-00811,2022-05-17,CUST-0012,PROD-0017,West,Office Supplies,Paper,3,876.27,123.04,0.0
ORD-00812,2024-09-21,CUST-0050,PROD-0013,Central,Technology,Monitors,1,67.9,15.5,0.2
ORD-00813,2024-03-06,CUST-0169,PROD-0063,East,Office Supplies,Appliances,9,1313.21,315.52,0.2
ORD-00814,2023-06-09,CUST-0013,PROD-0047,South,Furniture,Tables,4,308.19,75.07,0.2
ORD-00815,2022-01-27,CUST-0054,PROD-0084,South,Technology,Laptops,8,2668.88,516.73,0.0
ORD-00816,2022-05-05,CUST-0093,PROD-0072,South,Office Supplies,Binders,7,2743.97,710.28,0.1
ORD-00817,2022-04-30,CUST-0158,PROD-0035,West,Office Supplies,Binders,9,3174.66,783.7,0.0
ORD-00818,2023-09-15,CUST-0020,PROD-0028,East,Furniture,Bookcases,9,4284.81,515.23,0.0
ORD-00819,2023-04-19,CUST-0137,PROD-0050,East,Office Supplies,Appliances,4,638.13,130.97,0.05
ORD-00820,2023-05-25,CUST-0146,PROD-0081,East,Furniture,Desks,3,373.68,93.36,0.2
ORD-00821,2024-04-30,CUST-0192,PROD-0014,Central,Technology,Phones,10,1887.48,443.37,0.1
ORD-00822,2024-05-24,CUST-0027,PROD-0022,East,Furniture,Desks,3,218.09,39.32,0.2
ORD-00823,2023-11-23,CUST-0169,PROD-0021,East,Furniture,Desks,9,174.38,32.89,0.2
ORD-00824,2023-12-23,CUST-0081,PROD-0071,West,Furniture,Chairs,6,1518.21,277.03,0.1
ORD-00825,2024-05-31,CUST-0186,PROD-0042,South,Furniture,Furnishings,10,3801.42,808.29,0.05
ORD-00826,2023-03-15,CUST-0097,PROD-0099,South,Technology,Laptops,9,2832.43,427.18,0.25
ORD-00827,2024-07-15,CUST-0115,PROD-0051,Central,Technology,Phones,1,331.5,35.45,0.25
ORD-00828,2023-08-06,CUST-0153,PROD-0003,South,Office Supplies,Appliances,9,295.92,88.39,0.05
ORD-00829,2023-09-11,CUST-0002,PROD-0039,East,Furniture,Furnishings,4,1728.73,468.73,0.05
ORD-00830,2022-02-14,CUST-0198,PROD-0089,Central,Technology,Laptops,5,1584.16,320.4,0.2
ORD-00831,2022-11-13,CUST-0025,PROD-0005,East,Furniture,Furnishings,8,2172.74,285.11,0.1
ORD-00832,2023-06-27,CUST-0094,PROD-0075,South,Technology,Accessories,4,250.42,37.88,0.05
ORD-00833,2023-09-08,CUST-0024,PROD-0074,East,Furniture,Desks,7,990.92,281.0,0.2
ORD-00834,2022-06-08,CUST-0186,PROD-0042,South,Furniture,Furnishings,8,3041.14,601.1,0.05
ORD-00835,2022-07-15,CUST-0153,PROD-0083,South,Technology,Printers,5,293.1,72.15,0.0
ORD-00836,2024-02-21,CUST-0021,PROD-0100,North,Office Supplies,Appliances,1,449.81,76.28,0.1
ORD-00837,2024-06-08,CUST-0107,PROD-0016,North,Furniture,Desks,4,888.6,204.87,0.25
ORD-00838,2022-01-24,CUST-0163,PROD-0100,East,Office Supplies,Appliances,7,3498.53,563.11,0.0
ORD-00839,2022-03-26,CUST-0082,PROD-0070,South,Furniture,Chairs,10,2581.43,426.88,0.05
ORD-00840,2023-03-29,CUST-0040,PROD-0007,South,Furniture,Furnishings,7,2675.3,670.34,0.15
ORD-00841,2024-10-30,CUST-0024,PROD-0029,East,Furniture,Bookcases,7,1514.83,389.73,0.1
ORD-00842,2022-10-31,CUST-0034,PROD-0044,North,Office Supplies,Art,2,438.46,93.96,0.15
ORD-00843,2022-04-11,CUST-0141,PROD-0052,East,Technology,Monitors,5,1545.3,277.7,0.0
ORD-00844,2024-06-08,CUST-0199,PROD-0090,West,Office Supplies,Appliances,3,1151.14,225.84,0.05
ORD-00845,2023-02-10,CUST-0125,PROD-0051,Central,Technology,Phones,10,4199.0,891.17,0.05
ORD-00846,2024-12-09,CUST-0064,PROD-0032,Central,Office Supplies,Paper,2,45.36,11.58,0.1
ORD-00847,2023-10-25,CUST-0176,PROD-0074,Central,Furniture,Desks,2,353.9,82.94,0.0
ORD-00848,2024-05-17,CUST-0094,PROD-0045,South,Furniture,Chairs,4,1486.58,251.09,0.1
ORD-00849,2022-02-19,CUST-0198,PROD-0040,Central,Furniture,Desks,3,289.39,64.6,0.1
ORD-00850,2024-06-24,CUST-0160,PROD-0019,South,Furniture,Desks,8,3010.24,857.44,0.0
ORD-00851,2023-04-24,CUST-0052,PROD-0088,East,Furniture,Bookcases,6,2457.9,618.28,0.05
ORD-00852,2022-06-25,CUST-0029,PROD-0095,South,Furniture,Bookcases,1,196.87,57.05,0.05
ORD-00853,2022-10-30,CUST-0074,PROD-0002,South,Technology,Monitors,6,432.81,112.9,0.25
ORD-00854,2023-09-17,CUST-0116,PROD-0061,North,Technology,Accessories,1,265.46,37.64,0.1
ORD-00855,2023-03-10,CUST-0053,PROD-0070,North,Furniture,Chairs,9,2201.01,461.68,0.1
ORD-00856,2022-10-17,CUST-0178,PROD-0090,Central,Office Supplies,Appliances,1,343.32,74.36,0.15
ORD-00857,2024-12-14,CUST-0012,PROD-0033,West,Technology,Laptops,3,943.35,147.92,0.0
ORD-00858,2023-07-10,CUST-0014,PROD-0060,North,Technology,Accessories,1,208.16,37.0,0.0
ORD-00859,2023-07-10,CUST-0170,PROD-0085,Central,Technology,Laptops,6,1682.88,174.71,0.0
ORD-00860,2024-03-02,CUST-0060,PROD-0049,Central,Office Supplies,Storage,9,1508.15,180.86,0.25
ORD-00861,2023-10-09,CUST-0125,PROD-0077,Central,Office Supplies,Paper,9,747.99,102.69,0.0
ORD-00862,2024-10-22,CUST-0118,PROD-0072,East,Office Supplies,Binders,1,435.55,65.11,0.0
ORD-00863,2024-12-20,CUST-0079,PROD-0043,North,Office Supplies,Paper,8,1843.14,458.72,0.15
ORD-00864,2022-02-07,CUST-0089,PROD-0088,North,Furniture,Bookcases,6,2328.53,524.03,0.1
ORD-00865,2023-04-29,CUST-0129,PROD-0036,East,Furniture,Tables,1,230.66,34.95,0.25
ORD-00866,2024-03-03,CUST-0008,PROD-0072,Central,Office Supplies,Binders,5,2068.86,269.66,0.05
ORD-00867,2024-03-15,CUST-0169,PROD-0018,East,Furniture,Chairs,2,234.48,41.37,0.25
ORD-00868,2023-04-11,CUST-0107,PROD-0031,North,Furniture,Tables,10,414.39,76.78,0.05
ORD-00869,2023-10-02,CUST-0155,PROD-0043,East,Office Supplies,Paper,8,1734.72,219.19,0.2
ORD-00870,2022-10-11,CUST-0149,PROD-0070,North,Furniture,Chairs,4,1032.57,167.07,0.05
ORD-00871,2024-12-08,CUST-0035,PROD-0056,East,Office Supplies,Art,3,33.68,9.65,0.25
ORD-00872,2022-11-20,CUST-0082,PROD-0009,South,Technology,Accessories,9,2815.63,815.75,0.2
ORD-00873,2022-08-31,CUST-0048,PROD-0041,West,Office Supplies,Binders,3,791.15,83.78,0.25
ORD-00874,2023-10-15,CUST-0106,PROD-0053,Central,Furniture,Bookcases,5,1071.89,267.03,0.15
ORD-00875,2023-07-15,CUST-0039,PROD-0100,South,Office Supplies,Appliances,4,1999.16,252.51,0.0
ORD-00876,2022-02-23,CUST-0196,PROD-0079,West,Technology,Printers,10,1925.37,425.74,0.1
ORD-00877,2023-04-18,CUST-0153,PROD-0030,South,Office Supplies,Appliances,4,1499.85,157.81,0.25
ORD-00878,2022-06-12,CUST-0177,PROD-0100,North,Office Supplies,Appliances,8,3798.4,761.45,0.05
ORD-00879,2024-08-18,CUST-0183,PROD-0084,South,Technology,Laptops,6,1901.58,514.24,0.05
ORD-00880,2024-10-03,CUST-0122,PROD-0018,North,Furniture,Chairs,3,445.51,64.71,0.05
ORD-00881,2024-04-16,CUST-0196,PROD-0002,West,Technology,Monitors,5,408.77,59.07,0.15
ORD-00882,2023-02-20,CUST-0194,PROD-0027,South,Technology,Monitors,2,333.22,95.11,0.05
ORD-00883,2024-06-18,CUST-0158,PROD-0063,West,Office Supplies,Appliances,6,930.19,258.14,0.15
ORD-00884,2024-05-25,CUST-0104,PROD-0100,West,Office Supplies,Appliances,1,399.83,98.78,0.2
ORD-00885,2024-02-19,CUST-0185,PROD-0041,North,Office Supplies,Binders,7,1969.07,566.75,0.2
ORD-00886,2024-12-11,CUST-0165,PROD-0091,East,Technology,Monitors,1,221.47,26.99,0.2
ORD-00887,2024-07-24,CUST-0011,PROD-0032,North,Office Supplies,Paper,9,181.44,32.5,0.2
ORD-00888,2022-03-22,CUST-0143,PROD-0050,West,Office Supplies,Appliances,9,1133.53,331.58,0.25
ORD-00889,2023-01-24,CUST-0075,PROD-0057,North,Technology,Phones,7,2285.89,582.3,0.1
ORD-00890,2023-08-09,CUST-0119,PROD-0022,East,Furniture,Desks,7,572.48,127.45,0.1
ORD-00891,2022-04-22,CUST-0177,PROD-0067,North,Furniture,Bookcases,3,762.19,202.73,0.15
ORD-00892,2024-07-14,CUST-0024,PROD-0093,East,Technology,Phones,9,3585.51,487.47,0.0
ORD-00893,2022-10-05,CUST-0101,PROD-0053,East,Furniture,Bookcases,6,1286.27,135.04,0.15
ORD-00894,2024-07-18,CUST-0152,PROD-0092,Central,Office Supplies,Binders,4,1411.17,166.57,0.15
ORD-00895,2023-10-26,CUST-0178,PROD-0084,Central,Technology,Laptops,3,750.62,185.14,0.25
ORD-00896,2022-07-06,CUST-0030,PROD-0091,South,Technology,Monitors,8,1661.04,286.68,0.25
ORD-00897,2024-12-08,CUST-0182,PROD-0050,West,Office Supplies,Appliances,9,1209.1,350.58,0.2
ORD-00898,2024-02-15,CUST-0141,PROD-0049,East,Office Supplies,Storage,1,212.26,59.95,0.05
ORD-00899,2022-11-04,CUST-0042,PROD-0019,Central,Furniture,Desks,3,846.63,93.35,0.25
ORD-00900,2023-09-23,CUST-0080,PROD-0094,Central,Office Supplies,Appliances,8,1621.37,365.28,0.1
ORD-00901,2022-08-29,CUST-0034,PROD-0026,North,Technology,Phones,1,156.61,39.63,0.2
ORD-00902,2022-01-26,CUST-0118,PROD-0064,East,Furniture,Bookcases,8,852.42,222.9,0.2
ORD-00903,2024-10-07,CUST-0061,PROD-0028,East,Furniture,Bookcases,10,3570.67,696.79,0.25
ORD-00904,2024-04-19,CUST-0114,PROD-0011,Central,Office Supplies,Art,10,1145.12,116.02,0.2
ORD-00905,2023-07-24,CUST-0159,PROD-0081,West,Furniture,Desks,9,1331.23,146.15,0.05
ORD-00906,2022-10-31,CUST-0015,PROD-0084,North,Technology,Laptops,6,2001.66,258.36,0.0
ORD-00907,2022-03-08,CUST-0171,PROD-0074,Central,Furniture,Desks,10,1592.55,264.72,0.1
ORD-00908,2022-06-29,CUST-0013,PROD-0014,South,Technology,Phones,7,1394.64,184.46,0.05
ORD-00909,2023-08-06,CUST-0157,PROD-0085,North,Technology,Laptops,10,2243.84,577.7,0.2
ORD-00910,2022-12-30,CUST-0117,PROD-0096,Central,Furniture,Furnishings,10,2267.64,649.22,0.1
ORD-00911,2022-07-10,CUST-0197,PROD-0039,West,Furniture,Furnishings,6,2456.62,686.64,0.1
ORD-00912,2022-05-19,CUST-0195,PROD-0055,North,Furniture,Bookcases,9,3972.24,629.86,0.0
ORD-00913,2022-10-03,CUST-0032,PROD-0089,Central,Technology,Laptops,5,1782.18,366.08,0.1
ORD-00914,2024-12-10,CUST-0054,PROD-0090,South,Office Supplies,Appliances,4,1292.51,144.29,0.2
ORD-00915,2024-12-19,CUST-0023,PROD-0062,South,Furniture,Furnishings,10,1338.3,210.7,0.25
ORD-00916,2023-10-11,CUST-0067,PROD-0068,West,Office Supplies,Appliances,10,3923.6,670.04,0.2
ORD-00917,2022-09-23,CUST-0158,PROD-0073,West,Furniture,Chairs,8,1864.26,458.3,0.2
ORD-00918,2024-10-16,CUST-0127,PROD-0024,East,Furniture,Furnishings,10,3181.26,768.97,0.05
ORD-00919,2023-02-01,CUST-0001,PROD-0016,North,Furniture,Desks,1,251.77,56.67,0.15
ORD-00920,2022-08-30,CUST-0189,PROD-0027,South,Technology,Monitors,10,1490.73,272.52,0.15
ORD-00921,2023-11-15,CUST-0090,PROD-0072,East,Office Supplies,Binders,4,1742.2,397.44,0.0
ORD-00922,2023-07-31,CUST-0066,PROD-0009,South,Technology,Accessories,5,1759.77,354.31,0.1
ORD-00923,2023-10-26,CUST-0197,PROD-0001,West,Office Supplies,Paper,2,647.43,107.9,0.25
ORD-00924,2024-03-22,CUST-0186,PROD-0073,South,Furniture,Chairs,10,2912.9,776.02,0.0
ORD-00925,2023-02-02,CUST-0085,PROD-0044,North,Office Supplies,Art,8,1753.86,455.04,0.15
ORD-00926,2022-10-06,CUST-0124,PROD-0020,North,Office Supplies,Appliances,8,1595.07,445.32,0.2
ORD-00927,2024-08-05,CUST-0106,PROD-0096,Central,Furniture,Furnishings,1,201.57,32.22,0.2
ORD-00928,2023-10-09,CUST-0143,PROD-0069,West,Technology,Accessories,1,177.49,38.25,0.05
ORD-00929,2023-11-11,CUST-0091,PROD-0009,South,Technology,Accessories,3,1055.86,283.13,0.1
ORD-00930,2023-11-26,CUST-0097,PROD-0081,South,Furniture,Desks,9,1331.23,285.14,0.05
ORD-00931,2024-03-08,CUST-0048,PROD-0077,West,Office Supplies,Paper,2,149.6,36.06,0.1
ORD-00932,2023-10-07,CUST-0182,PROD-0005,West,Furniture,Furnishings,5,1282.52,150.52,0.15
ORD-00933,2023-05-02,CUST-0096,PROD-0058,Central,Furniture,Furnishings,5,606.86,124.42,0.05
ORD-00934,2022-12-25,CUST-0029,PROD-0048,South,Office Supplies,Art,1,385.72,109.03,0.05
ORD-00935,2024-06-27,CUST-0130,PROD-0004,Central,Technology,Phones,8,482.18,63.08,0.2
ORD-00936,2023-11-28,CUST-0124,PROD-0094,North,Office Supplies,Appliances,9,1824.04,465.32,0.1
ORD-00937,2022-10-21,CUST-0197,PROD-0013,West,Technology,Monitors,9,572.87,171.03,0.25
ORD-00938,2023-02-25,CUST-0186,PROD-0005,South,Furniture,Furnishings,8,2052.04,498.1,0.15
ORD-00939,2024-12-05,CUST-0030,PROD-0001,South,Office Supplies,Paper,5,2158.1,512.36,0.0
ORD-00940,2022-06-28,CUST-0086,PROD-0060,West,Technology,Accessories,1,208.16,42.49,0.0
ORD-00941,2023-10-02,CUST-0006,PROD-0074,North,Furniture,Desks,5,663.56,184.75,0.25
ORD-00942,2023-10-20,CUST-0052,PROD-0025,East,Technology,Monitors,5,1956.42,403.91,0.1
ORD-00943,2024-06-22,CUST-0172,PROD-0016,North,Furniture,Desks,5,1406.95,185.01,0.05
ORD-00944,2022-08-23,CUST-0004,PROD-0080,Central,Office Supplies,Appliances,9,2808.65,338.37,0.2
ORD-00945,2023-12-19,CUST-0141,PROD-0041,East,Office Supplies,Binders,5,1670.19,482.11,0.05
ORD-00946,2023-08-04,CUST-0147,PROD-0032,South,Office Supplies,Paper,3,75.6,12.27,0.0
ORD-00947,2023-11-25,CUST-0139,PROD-0057,West,Technology,Phones,1,344.7,36.47,0.05
ORD-00948,2022-04-14,CUST-0028,PROD-0050,North,Office Supplies,Appliances,1,167.93,31.12,0.0
ORD-00949,2023-01-02,CUST-0181,PROD-0077,South,Office Supplies,Paper,10,623.33,166.58,0.25
ORD-00950,2024-07-02,CUST-0158,PROD-0046,West,Technology,Monitors,5,1446.48,381.13,0.1
ORD-00951,2024-12-28,CUST-0021,PROD-0097,North,Technology,Printers,8,2853.25,360.53,0.2
ORD-00952,2024-08-17,CUST-0025,PROD-0059,East,Furniture,Desks,5,1494.53,342.07,0.25
ORD-00953,2024-08-11,CUST-0121,PROD-0030,East,Office Supplies,Appliances,4,1899.81,517.16,0.05
ORD-00954,2023-06-13,CUST-0094,PROD-0051,South,Technology,Phones,3,994.5,281.89,0.25
ORD-00955,2023-11-08,CUST-0084,PROD-0059,West,Furniture,Desks,8,3188.32,360.51,0.0
ORD-00956,2022-08-20,CUST-0090,PROD-0062,East,Furniture,Furnishings,8,1356.14,212.17,0.05
ORD-00957,2023-12-15,CUST-0155,PROD-0074,East,Furniture,Desks,3,424.68,51.21,0.2
ORD-00958,2022-08-08,CUST-0084,PROD-0072,West,Office Supplies,Binders,2,783.99,161.93,0.1
ORD-00959,2024-03-31,CUST-0152,PROD-0053,Central,Furniture,Bookcases,4,807.07,120.04,0.2
ORD-00960,2022-11-22,CUST-0124,PROD-0050,North,Office Supplies,Appliances,2,302.27,42.82,0.1
ORD-00961,2024-06-01,CUST-0112,PROD-0073,Central,Furniture,Chairs,6,1398.19,333.93,0.2
ORD-00962,2022-12-21,CUST-0170,PROD-0086,Central,Technology,Phones,2,346.12,99.05,0.25
ORD-00963,2024-09-23,CUST-0030,PROD-0076,South,Technology,Monitors,10,393.55,64.97,0.15
ORD-00964,2022-07-19,CUST-0114,PROD-0023,Central,Furniture,Tables,5,1154.81,131.56,0.15
ORD-00965,2022-08-11,CUST-0176,PROD-0077,Central,Office Supplies,Paper,7,523.59,104.12,0.1
ORD-00966,2022-05-06,CUST-0024,PROD-0028,East,Furniture,Bookcases,3,1142.62,320.68,0.2
ORD-00967,2022-01-01,CUST-0194,PROD-0019,South,Furniture,Desks,3,959.51,197.9,0.15
ORD-00968,2024-03-09,CUST-0158,PROD-0074,West,Furniture,Desks,8,1344.82,189.8,0.05
ORD-00969,2023-10-11,CUST-0077,PROD-0073,North,Furniture,Chairs,5,1237.98,301.52,0.15
ORD-00970,2023-12-07,CUST-0023,PROD-0075,South,Technology,Accessories,1,52.72,15.67,0.2
ORD-00971,2024-04-07,CUST-0033,PROD-0038,East,Furniture,Chairs,1,20.32,5.69,0.1
ORD-00972,2022-04-19,CUST-0001,PROD-0091,North,Technology,Monitors,9,2242.4,273.44,0.1
ORD-00973,2023-08-01,CUST-0008,PROD-0031,Central,Furniture,Tables,7,229.0,49.93,0.25
ORD-00974,2023-10-14,CUST-0183,PROD-0049,South,Office Supplies,Storage,7,1329.41,248.65,0.15
ORD-00975,2023-03-09,CUST-0170,PROD-0023,Central,Furniture,Tables,8,2065.07,284.25,0.05
ORD-00976,2024-02-27,CUST-0093,PROD-0054,South,Furniture,Tables,3,307.64,92.14,0.1
ORD-00977,2022-09-15,CUST-0035,PROD-0002,East,Technology,Monitors,2,144.27,14.88,0.25
ORD-00978,2024-09-23,CUST-0169,PROD-0056,East,Office Supplies,Art,3,44.91,5.72,0.0
ORD-00979,2024-05-01,CUST-0117,PROD-0090,Central,Office Supplies,Appliances,10,3433.24,771.28,0.15
ORD-00980,2024-07-19,CUST-0131,PROD-0055,Central,Furniture,Bookcases,9,3376.4,597.43,0.15
ORD-00981,2023-04-08,CUST-0048,PROD-0055,West,Furniture,Bookcases,10,4413.6,951.52,0.0
ORD-00982,2023-04-30,CUST-0183,PROD-0065,South,Technology,Laptops,5,291.46,83.16,0.15
ORD-00983,2024-01-22,CUST-0009,PROD-0005,Central,Furniture,Furnishings,10,2565.04,618.11,0.15
ORD-00984,2022-08-20,CUST-0149,PROD-0062,North,Furniture,Furnishings,2,339.04,83.42,0.05
ORD-00985,2024-12-14,CUST-0193,PROD-0100,South,Office Supplies,Appliances,5,2124.11,432.02,0.15
ORD-00986,2024-12-07,CUST-0157,PROD-0012,North,Furniture,Furnishings,4,264.52,59.82,0.15
ORD-00987,2022-06-09,CUST-0176,PROD-0082,Central,Office Supplies,Storage,9,2078.14,337.7,0.2
ORD-00988,2022-04-19,CUST-0088,PROD-0069,North,Technology,Accessories,1,158.81,30.3,0.15
ORD-00989,2024-08-18,CUST-0147,PROD-0094,South,Office Supplies,Appliances,6,1148.47,195.91,0.15
ORD-00990,2023-08-27,CUST-0075,PROD-0022,North,Furniture,Desks,1,68.15,19.39,0.25
ORD-00991,2023-09-15,CUST-0187,PROD-0073,Central,Furniture,Chairs,5,1456.45,328.95,0.0
ORD-00992,2022-12-13,CUST-0147,PROD-0007,South,Furniture,Furnishings,5,1686.11,379.14,0.25
ORD-00993,2023-08-11,CUST-0125,PROD-0011,Central,Office Supplies,Art,3,343.54,39.64,0.2
ORD-00994,2023-07-24,CUST-0065,PROD-0017,West,Office Supplies,Paper,10,2628.81,407.58,0.1
ORD-00995,2023-06-11,CUST-0004,PROD-0095,Central,Furniture,Bookcases,2,331.57,44.74,0.2
ORD-00996,2022-11-06,CUST-0169,PROD-0058,East,Furniture,Furnishings,6,728.23,110.87,0.05
ORD-00997,2023-04-29,CUST-0125,PROD-0024,Central,Furniture,Furnishings,9,3013.83,508.04,0.0
ORD-00998,2022-06-22,CUST-0038,PROD-0077,West,Office Supplies,Paper,3,211.93,53.1,0.15
ORD-00999,2024-04-25,CUST-0198,PROD-0050,Central,Office Supplies,Appliances,4,503.79,94.73,0.25
ORD-01000,2022-12-09,CUST-0054,PROD-0074,South,Furniture,Desks,6,1061.7,242.55,0.0
ORD-01001,2022-08-26,CUST-0014,PROD-0022,North,Furniture,Desks,8,617.92,120.65,0.15
ORD-01002,2024-09-02,CUST-0192,PROD-0097,Central,Technology,Printers,9,3811.76,670.72,0.05
ORD-01003,2024-03-09,CUST-0122,PROD-0034,North,Technology,Laptops,3,811.27,222.33,0.2
ORD-01004,2022-01-25,CUST-0074,PROD-0058,South,Furniture,Furnishings,7,670.74,109.42,0.25
ORD-01005,2024-12-21,CUST-0175,PROD-0006,North,Furniture,Furnishings,2,715.34,162.73,0.2
ORD-01006,2024-06-03,CUST-0157,PROD-0084,North,Technology,Laptops,5,1501.25,231.29,0.1
ORD-01007,2022-07-21,CUST-0066,PROD-0084,South,Technology,Laptops,10,2835.69,545.08,0.15
ORD-01008,2023-05-11,CUST-0188,PROD-0087,West,Office Supplies,Storage,10,246.9,50.37,0.05
ORD-01009,2023-01-04,CUST-0081,PROD-0071,West,Furniture,Chairs,1,210.86,21.44,0.25
ORD-01010,2022-05-20,CUST-0004,PROD-0053,Central,Furniture,Bookcases,2,403.54,48.74,0.2
ORD-01011,2024-07-02,CUST-0090,PROD-0029,East,Furniture,Bookcases,5,1082.03,149.99,0.1
ORD-01012,2022-02-18,CUST-0159,PROD-0012,West,Furniture,Furnishings,1,62.24,14.4,0.2
ORD-01013,2023-03-21,CUST-0154,PROD-0082,West,Office Supplies,Storage,2,432.94,126.23,0.25
ORD-01014,2022-06-26,CUST-0155,PROD-0017,East,Office Supplies,Paper,7,1533.47,387.62,0.25
ORD-01015,2023-01-14,CUST-0029,PROD-0090,South,Office Supplies,Appliances,3,1090.56,173.3,0.1
ORD-01016,2022-06-05,CUST-0164,PROD-0059,West,Furniture,Desks,5,1693.8,403.88,0.15
ORD-01017,2023-10-25,CUST-0066,PROD-0021,South,Furniture,Desks,2,43.6,11.14,0.1
ORD-01018,2024-02-23,CUST-0100,PROD-0043,West,Office Supplies,Paper,1,243.95,71.02,0.1
ORD-01019,2023-06-27,CUST-0046,PROD-0057,South,Technology,Phones,2,616.83,182.51,0.15
ORD-01020,2023-02-15,CUST-0157,PROD-0051,North,Technology,Phones,3,994.5,197.32,0.25
ORD-01021,2022-10-22,CUST-0139,PROD-0099,West,Technology,Laptops,7,2790.47,621.7,0.05
ORD-01022,2022-08-06,CUST-0114,PROD-0092,Central,Office Supplies,Binders,5,2075.25,221.99,0.0
ORD-01023,2022-05-25,CUST-0147,PROD-0094,South,Office Supplies,Appliances,5,957.06,99.3,0.15
ORD-01024,2024-10-16,CUST-0039,PROD-0084,South,Technology,Laptops,1,333.61,77.7,0.0
ORD-01025,2023-06-30,CUST-0039,PROD-0090,South,Office Supplies,Appliances,6,2059.94,442.74,0.15
ORD-01026,2024-11-21,CUST-0182,PROD-0099,West,Technology,Laptops,8,2853.42,534.19,0.15
ORD-01027,2022-05-24,CUST-0139,PROD-0029,West,Furniture,Bookcases,1,204.38,59.44,0.15
ORD-01028,2024-09-14,CUST-0032,PROD-0073,Central,Furniture,Chairs,9,2359.45,393.29,0.1
ORD-01029,2023-09-13,CUST-0103,PROD-0008,Central,Office Supplies,Storage,2,246.6,51.03,0.1
ORD-01030,2023-11-28,CUST-0021,PROD-0059,North,Furniture,Desks,5,1494.53,210.17,0.25
ORD-01031,2022-03-22,CUST-0099,PROD-0085,West,Technology,Laptops,4,1009.73,241.5,0.1
ORD-01032,2022-08-07,CUST-0162,PROD-0089,East,Technology,Laptops,6,2019.8,236.26,0.15
ORD-01033,2024-06-15,CUST-0189,PROD-0025,South,Technology,Monitors,3,1304.28,180.8,0.0
ORD-01034,2023-05-04,CUST-0126,PROD-0050,East,Office Supplies,Appliances,2,268.69,61.44,0.2
ORD-01035,2024-10-20,CUST-0137,PROD-0058,East,Furniture,Furnishings,1,127.76,21.45,0.0
ORD-01036,2023-11-23,CUST-0185,PROD-0006,North,Furniture,Furnishings,7,3129.63,445.46,0.0
ORD-01037,2024-12-07,CUST-0118,PROD-0087,East,Office Supplies,Storage,9,222.21,55.15,0.05
ORD-01038,2023-04-23,CUST-0019,PROD-0005,East,Furniture,Furnishings,3,769.51,177.58,0.15
ORD-01039,2024-08-23,CUST-0159,PROD-0006,West,Furniture,Furnishings,4,1341.27,308.17,0.25
ORD-01040,2022-01-30,CUST-0045,PROD-0081,North,Furniture,Desks,1,140.13,37.02,0.1
ORD-01041,2022-07-19,CUST-0117,PROD-0079,Central,Technology,Printers,3,513.43,57.91,0.2
ORD-01042,2022-08-06,CUST-0030,PROD-0064,South,Furniture,Bookcases,10,1065.52,153.56,0.2
ORD-01043,2023-02-20,CUST-0110,PROD-0044,South,Office Supplies,Art,7,1624.9,201.75,0.1
ORD-01044,2022-10-09,CUST-0083,PROD-0028,Central,Furniture,Bookcases,1,380.87,51.3,0.2
ORD-01045,2022-05-10,CUST-0031,PROD-0036,West,Furniture,Tables,3,784.25,104.78,0.15
ORD-01046,2024-01-28,CUST-0142,PROD-0022,West,Furniture,Desks,8,690.61,196.92,0.05
ORD-01047,2022-03-25,CUST-0035,PROD-0013,East,Technology,Monitors,10,721.39,184.34,0.15
ORD-01048,2022-02-02,CUST-0125,PROD-0011,Central,Office Supplies,Art,1,143.14,19.45,0.0
ORD-01049,2022-07-02,CUST-0181,PROD-0084,South,Technology,Laptops,10,3002.49,550.19,0.1
ORD-01050,2024-09-01,CUST-0178,PROD-0017,Central,Office Supplies,Paper,4,1109.94,253.03,0.05
ORD-01051,2024-12-07,CUST-0116,PROD-0053,North,Furniture,Bookcases,4,958.4,212.87,0.05
ORD-01052,2022-03-19,CUST-0153,PROD-0024,South,Furniture,Furnishings,8,2143.17,621.65,0.2
ORD-01053,2023-09-09,CUST-0090,PROD-0054,East,Furniture,Tables,1,91.15,13.41,0.2
ORD-01054,2022-08-29,CUST-0136,PROD-0013,East,Technology,Monitors,10,763.83,208.18,0.1
ORD-01055,2024-11-05,CUST-0057,PROD-0060,East,Technology,Accessories,4,749.38,82.89,0.1
ORD-01056,2022-08-19,CUST-0039,PROD-0088,South,Furniture,Bookcases,8,2932.23,396.63,0.15
ORD-01057,2022-03-30,CUST-0014,PROD-0083,North,Technology,Printers,6,316.55,44.92,0.1
ORD-01058,2023-05-30,CUST-0086,PROD-0079,West,Technology,Printers,8,1711.44,206.89,0.0
ORD-01059,2022-04-18,CUST-0138,PROD-0023,East,Furniture,Tables,3,815.16,160.6,0.0
ORD-01060,2022-08-26,CUST-0019,PROD-0031,East,Furniture,Tables,8,279.17,60.29,0.2
ORD-01061,2024-05-08,CUST-0051,PROD-0096,North,Furniture,Furnishings,6,1436.17,367.37,0.05
ORD-01062,2023-10-30,CUST-0059,PROD-0013,East,Technology,Monitors,4,254.61,46.47,0.25
ORD-01063,2023-02-14,CUST-0097,PROD-0029,South,Furniture,Bookcases,2,408.76,88.71,0.15
ORD-01064,2022-04-22,CUST-0112,PROD-0019,Central,Furniture,Desks,4,1204.1,229.98,0.2
ORD-01065,2024-03-04,CUST-0096,PROD-0018,Central,Furniture,Chairs,8,937.92,130.21,0.25
ORD-01066,2024-01-05,CUST-0070,PROD-0026,South,Technology,Phones,6,1115.83,118.75,0.05
ORD-01067,2022-05-03,CUST-0072,PROD-0018,East,Furniture,Chairs,2,265.74,50.95,0.15
ORD-01068,2022-12-17,CUST-0195,PROD-0044,North,Office Supplies,Art,4,928.51,204.95,0.1
ORD-01069,2022-12-15,CUST-0148,PROD-0071,North,Furniture,Chairs,4,1124.6,205.06,0.0
ORD-01070,2024-12-04,CUST-0126,PROD-0028,East,Furniture,Bookcases,10,4046.76,1082.09,0.15
ORD-01071,2023-07-26,CUST-0004,PROD-0094,Central,Office Supplies,Appliances,7,1182.25,324.55,0.25
ORD-01072,2023-05-23,CUST-0084,PROD-0056,West,Office Supplies,Art,10,142.22,39.59,0.05
ORD-01073,2022-11-02,CUST-0147,PROD-0001,South,Office Supplies,Paper,7,3021.34,326.34,0.0
ORD-01074,2024-08-21,CUST-0188,PROD-0099,West,Technology,Laptops,9,3776.58,699.19,0.0
ORD-01075,2024-03-18,CUST-0123,PROD-0090,Central,Office Supplies,Appliances,2,686.65,136.68,0.15
ORD-01076,2022-06-20,CUST-0143,PROD-0097,West,Technology,Printers,1,334.37,82.37,0.25
ORD-01077,2023-03-23,CUST-0034,PROD-0046,North,Technology,Monitors,5,1526.84,350.45,0.05
ORD-01078,2022-07-05,CUST-0005,PROD-0062,West,Furniture,Furnishings,5,847.59,203.98,0.05
ORD-01079,2022-02-19,CUST-0117,PROD-0060,Central,Technology,Accessories,3,468.36,84.81,0.25
ORD-01080,2024-01-29,CUST-0161,PROD-0060,South,Technology,Accessories,1,156.12,17.82,0.25
ORD-01081,2023-11-13,CUST-0136,PROD-0005,East,Furniture,Furnishings,5,1282.52,321.37,0.15
ORD-01082,2023-03-01,CUST-0176,PROD-0011,Central,Office Supplies,Art,10,1288.26,318.4,0.1
ORD-01083,2022-04-23,CUST-0132,PROD-0087,North,Office Supplies,Storage,6,155.94,19.05,0.0
ORD-01084,2024-01-19,CUST-0120,PROD-0080,West,Office Supplies,Appliances,1,351.08,60.84,0.1
ORD-01085,2022-05-18,CUST-0144,PROD-0091,North,Technology,Monitors,4,1051.99,311.65,0.05
ORD-01086,2023-05-04,CUST-0139,PROD-0015,West,Office Supplies,Storage,8,243.06,69.96,0.25
ORD-01087,2023-03-06,CUST-0193,PROD-0096,South,Furniture,Furnishings,4,907.06,154.69,0.1
ORD-01088,2023-07-02,CUST-0129,PROD-0088,East,Furniture,Bookcases,7,2716.62,301.25,0.1
ORD-01089,2024-02-03,CUST-0089,PROD-0058,North,Furniture,Furnishings,8,817.66,167.9,0.2
ORD-01090,2022-09-09,CUST-0121,PROD-0091,East,Technology,Monitors,9,1868.67,495.34,0.25
ORD-01091,2023-08-22,CUST-0116,PROD-0080,North,Office Supplies,Appliances,6,1755.4,507.44,0.25
ORD-01092,2022-05-15,CUST-0049,PROD-0059,West,Furniture,Desks,2,797.08,141.99,0.0
ORD-01093,2023-01-02,CUST-0074,PROD-0010,South,Furniture,Tables,2,428.53,66.5,0.05
ORD-01094,2022-10-31,CUST-0128,PROD-0020,West,Office Supplies,Appliances,4,797.54,231.62,0.2
ORD-01095,2022-02-16,CUST-0076,PROD-0054,South,Furniture,Tables,9,974.19,189.75,0.05
ORD-01096,2024-05-10,CUST-0114,PROD-0095,Central,Furniture,Bookcases,1,186.51,25.7,0.1
ORD-01097,2022-02-15,CUST-0060,PROD-0067,Central,Furniture,Bookcases,6,1524.39,328.87,0.15
ORD-01098,2023-10-31,CUST-0125,PROD-0076,Central,Technology,Monitors,9,333.36,63.02,0.2
ORD-01099,2023-09-15,CUST-0146,PROD-0017,East,Office Supplies,Paper,5,1387.43,357.75,0.05
ORD-01100,2023-04-10,CUST-0124,PROD-0048,North,Office Supplies,Art,5,2030.1,263.24,0.0
ORD-01101,2023-08-06,CUST-0117,PROD-0022,Central,Furniture,Desks,10,863.26,209.22,0.05
ORD-01102,2023-08-08,CUST-0047,PROD-0023,West,Furniture,Tables,3,774.4,114.29,0.05
ORD-01103,2022-03-26,CUST-0082,PROD-0074,South,Furniture,Desks,3,451.22,68.62,0.15
ORD-01104,2023-01-13,CUST-0053,PROD-0072,North,Office Supplies,Binders,1,326.66,53.37,0.25
ORD-01105,2023-12-06,CUST-0038,PROD-0048,West,Office Supplies,Art,8,2598.53,766.81,0.2
ORD-01106,2024-12-28,CUST-0078,PROD-0016,North,Furniture,Desks,1,251.77,72.06,0.15
ORD-01107,2022-10-25,CUST-0118,PROD-0041,East,Office Supplies,Binders,3,1054.86,310.16,0.0
ORD-01108,2024-11-05,CUST-0085,PROD-0083,North,Technology,Printers,5,249.13,69.56,0.15
ORD-01109,2022-10-29,CUST-0145,PROD-0094,South,Office Supplies,Appliances,8,1621.37,385.61,0.1
ORD-01110,2024-09-07,CUST-0011,PROD-0018,North,Furniture,Chairs,9,1406.88,227.37,0.0
ORD-01111,2024-04-02,CUST-0159,PROD-0029,West,Furniture,Bookcases,8,1731.24,205.15,0.1
ORD-01112,2022-04-23,CUST-0156,PROD-0083,South,Technology,Printers,4,187.58,38.51,0.2
ORD-01113,2023-07-24,CUST-0051,PROD-0003,North,Office Supplies,Appliances,2,55.38,14.95,0.2
ORD-01114,2022-06-28,CUST-0132,PROD-0051,North,Technology,Phones,4,1502.8,245.79,0.15
ORD-01115,2024-11-13,CUST-0015,PROD-0086,North,Technology,Phones,6,1176.83,152.5,0.15
ORD-01116,2024-05-25,CUST-0095,PROD-0050,Central,Office Supplies,Appliances,6,1007.58,158.12,0.0
ORD-01117,2023-12-21,CUST-0079,PROD-0058,North,Furniture,Furnishings,9,1149.84,164.59,0.0
ORD-01118,2024-06-28,CUST-0190,PROD-0054,South,Furniture,Tables,8,820.37,108.91,0.1
ORD-01119,2024-05-18,CUST-0187,PROD-0054,Central,Furniture,Tables,3,273.46,60.05,0.2
ORD-01120,2022-10-22,CUST-0054,PROD-0039,South,Furniture,Furnishings,8,2911.55,865.68,0.2
ORD-01121,2022-05-16,CUST-0152,PROD-0097,Central,Technology,Printers,7,3120.74,316.21,0.0
ORD-01122,2023-07-14,CUST-0107,PROD-0023,North,Furniture,Tables,9,2078.66,503.14,0.15
ORD-01123,2022-10-08,CUST-0052,PROD-0024,East,Furniture,Furnishings,7,2109.68,444.66,0.1
ORD-01124,2022-03-28,CUST-0078,PROD-0075,North,Technology,Accessories,5,280.07,59.33,0.15
ORD-01125,2024-08-07,CUST-0058,PROD-0004,Central,Technology,Phones,1,71.57,10.92,0.05
ORD-01126,2024-08-25,CUST-0032,PROD-0084,Central,Technology,Laptops,5,1417.84,192.65,0.15
ORD-01127,2023-05-17,CUST-0008,PROD-0016,Central,Furniture,Desks,5,1258.85,376.23,0.15
ORD-01128,2022-05-17,CUST-0154,PROD-0096,West,Furniture,Furnishings,6,1209.41,237.16,0.2
ORD-01129,2024-06-12,CUST-0067,PROD-0081,West,Furniture,Desks,8,934.2,246.31,0.25
ORD-01130,2024-02-04,CUST-0132,PROD-0094,North,Office Supplies,Appliances,10,2251.9,605.89,0.0
ORD-01131,2022-11-30,CUST-0149,PROD-0008,North,Office Supplies,Storage,3,369.9,71.1,0.1
ORD-01132,2022-10-05,CUST-0092,PROD-0021,West,Furniture,Desks,1,21.8,3.75,0.1
ORD-01133,2023-12-31,CUST-0013,PROD-0038,South,Furniture,Chairs,5,90.32,20.57,0.2
ORD-01134,2022-06-07,CUST-0132,PROD-0025,North,Technology,Monitors,3,1304.28,286.62,0.0
ORD-01135,2022-12-09,CUST-0140,PROD-0042,North,Furniture,Furnishings,6,1800.67,468.13,0.25
ORD-01136,2023-07-10,CUST-0176,PROD-0090,Central,Office Supplies,Appliances,6,2423.46,501.38,0.0
ORD-01137,2023-12-22,CUST-0037,PROD-0002,South,Technology,Monitors,3,230.83,36.07,0.2
ORD-01138,2024-09-20,CUST-0106,PROD-0044,Central,Office Supplies,Art,3,773.76,111.09,0.0
ORD-01139,2024-10-27,CUST-0057,PROD-0025,East,Technology,Monitors,9,3130.27,744.79,0.2
ORD-01140,2024-12-12,CUST-0137,PROD-0092,East,Office Supplies,Binders,9,2801.59,703.93,0.25
ORD-01141,2022-08-22,CUST-0107,PROD-0059,North,Furniture,Desks,2,797.08,210.24,0.0
ORD-01142,2022-02-05,CUST-0123,PROD-0045,Central,Furniture,Chairs,5,1548.52,267.14,0.25
ORD-01143,2024-06-24,CUST-0153,PROD-0067,South,Furniture,Bookcases,6,1703.73,412.27,0.05
ORD-01144,2022-02-28,CUST-0191,PROD-0016,East,Furniture,Desks,4,1125.56,305.44,0.05
ORD-01145,2022-10-19,CUST-0177,PROD-0030,North,Office Supplies,Appliances,5,2374.76,337.14,0.05
ORD-01146,2022-06-10,CUST-0109,PROD-0089,West,Technology,Laptops,2,792.08,82.19,0.0
ORD-01147,2024-09-18,CUST-0194,PROD-0056,South,Office Supplies,Art,1,14.22,1.73,0.05
ORD-01148,2024-11-17,CUST-0152,PROD-0008,Central,Office Supplies,Storage,8,1096.0,308.75,0.0
ORD-01149,2022-03-30,CUST-0017,PROD-0039,West,Furniture,Furnishings,1,454.93,116.68,0.0
ORD-01150,2023-02-25,CUST-0151,PROD-0026,East,Technology,Phones,3,440.46,75.01,0.25
ORD-01151,2022-07-05,CUST-0038,PROD-0096,West,Furniture,Furnishings,5,1007.84,170.9,0.2
ORD-01152,2022-11-25,CUST-0129,PROD-0100,East,Office Supplies,Appliances,10,4748.01,954.26,0.05
ORD-01153,2022-05-20,CUST-0026,PROD-0075,East,Technology,Accessories,1,52.72,7.56,0.2
ORD-01154,2023-01-28,CUST-0073,PROD-0022,West,Furniture,Desks,9,817.83,241.03,0.0
ORD-01155,2022-07-22,CUST-0055,PROD-0065,East,Technology,Laptops,8,493.78,118.32,0.1
ORD-01156,2023-01-15,CUST-0113,PROD-0087,South,Office Supplies,Storage,2,49.38,13.18,0.05
ORD-01157,2024-02-17,CUST-0109,PROD-0028,West,Furniture,Bookcases,9,4070.57,738.87,0.05
ORD-01158,2023-10-06,CUST-0032,PROD-0060,Central,Technology,Accessories,2,333.06,42.36,0.2
ORD-01159,2024-01-10,CUST-0181,PROD-0037,South,Office Supplies,Paper,9,2777.36,300.29,0.25
ORD-01160,2023-11-03,CUST-0127,PROD-0015,East,Office Supplies,Storage,7,255.21,48.84,0.1
ORD-01161,2023-10-01,CUST-0176,PROD-0057,Central,Technology,Phones,4,1161.09,210.69,0.2
ORD-01162,2024-05-26,CUST-0049,PROD-0009,West,Technology,Accessories,8,2346.36,407.07,0.25
ORD-01163,2022-01-27,CUST-0173,PROD-0063,North,Office Supplies,Appliances,2,310.06,58.17,0.15
ORD-01164,2022-06-24,CUST-0031,PROD-0019,West,Furniture,Desks,7,2238.87,535.11,0.15
ORD-01165,2022-07-28,CUST-0190,PROD-0022,South,Furniture,Desks,2,163.57,48.26,0.1
ORD-01166,2023-11-25,CUST-0052,PROD-0077,East,Office Supplies,Paper,7,581.77,85.27,0.0
ORD-01167,2024-05-19,CUST-0186,PROD-0064,South,Furniture,Bookcases,5,499.46,126.46,0.25
ORD-01168,2023-07-14,CUST-0194,PROD-0083,South,Technology,Printers,7,369.31,72.08,0.1
ORD-01169,2024-04-08,CUST-0125,PROD-0066,Central,Office Supplies,Binders,5,551.14,139.77,0.05
ORD-01170,2022-08-10,CUST-0032,PROD-0033,Central,Technology,Laptops,8,2138.26,312.54,0.15
ORD-01171,2022-10-03,CUST-0008,PROD-0013,Central,Technology,Monitors,1,84.87,16.94,0.0
ORD-01172,2022-02-24,CUST-0046,PROD-0049,South,Office Supplies,Storage,10,1675.73,277.15,0.25
ORD-01173,2023-09-13,CUST-0160,PROD-0080,South,Office Supplies,Appliances,2,780.18,181.17,0.0
ORD-01174,2024-11-30,CUST-0197,PROD-0064,West,Furniture,Bookcases,8,1012.24,160.66,0.05
ORD-01175,2024-10-16,CUST-0126,PROD-0065,East,Technology,Laptops,5,274.32,46.28,0.2
ORD-01176,2022-02-06,CUST-0196,PROD-0005,West,Furniture,Furnishings,7,2112.39,373.31,0.0
ORD-01177,2023-10-07,CUST-0097,PROD-0057,South,Technology,Phones,8,2902.72,309.35,0.0
ORD-01178,2023-09-13,CUST-0181,PROD-0022,South,Furniture,Desks,8,617.92,78.41,0.15
ORD-01179,2024-03-07,CUST-0125,PROD-0098,Central,Office Supplies,Art,2,212.29,49.89,0.2
ORD-01180,2024-08-20,CUST-0122,PROD-0072,North,Office Supplies,Binders,3,1045.32,116.18,0.2
ORD-01181,2023-06-24,CUST-0127,PROD-0076,East,Technology,Monitors,7,259.28,61.01,0.2
ORD-01182,2023-08-06,CUST-0083,PROD-0008,Central,Office Supplies,Storage,1,109.6,11.95,0.2
ORD-01183,2024-01-21,CUST-0090,PROD-0095,East,Furniture,Bookcases,10,2072.3,524.37,0.0
ORD-01184,2023-11-30,CUST-0098,PROD-0013,West,Technology,Monitors,7,534.68,159.54,0.1
ORD-01185,2024-04-23,CUST-0090,PROD-0008,East,Office Supplies,Storage,4,520.6,76.49,0.05
ORD-01186,2023-10-02,CUST-0152,PROD-0011,Central,Office Supplies,Art,2,257.65,31.66,0.1
ORD-01187,2022-12-14,CUST-0006,PROD-0069,North,Technology,Accessories,6,1120.98,215.43,0.0
ORD-01188,2024-05-15,CUST-0146,PROD-0066,East,Office Supplies,Binders,7,730.99,76.08,0.1
ORD-01189,2024-08-19,CUST-0151,PROD-0003,East,Office Supplies,Appliances,6,176.51,37.79,0.15
ORD-01190,2023-10-23,CUST-0147,PROD-0013,South,Technology,Monitors,8,678.96,161.71,0.0
ORD-01191,2023-02-26,CUST-0087,PROD-0064,West,Furniture,Bookcases,9,899.03,150.95,0.25
ORD-01192,2023-09-06,CUST-0094,PROD-0056,South,Office Supplies,Art,4,50.9,11.56,0.15
ORD-01193,2022-06-04,CUST-0138,PROD-0028,East,Furniture,Bookcases,5,2142.4,234.61,0.1
ORD-01194,2024-04-03,CUST-0058,PROD-0080,Central,Office Supplies,Appliances,2,585.13,157.3,0.25
ORD-01195,2022-07-14,CUST-0152,PROD-0044,Central,Office Supplies,Art,5,1289.6,275.05,0.0
ORD-01196,2024-12-23,CUST-0122,PROD-0055,North,Furniture,Bookcases,4,1588.9,411.73,0.1
ORD-01197,2023-09-11,CUST-0130,PROD-0039,Central,Furniture,Furnishings,7,2388.38,496.76,0.25
ORD-01198,2023-02-14,CUST-0107,PROD-0052,North,Technology,Monitors,5,1236.24,251.05,0.2
ORD-01199,2023-01-05,CUST-0005,PROD-0081,West,Furniture,Desks,9,1331.23,286.71,0.05
ORD-01200,2023-03-13,CUST-0170,PROD-0096,Central,Furniture,Furnishings,8,1814.11,521.43,0.1
ORD-01201,2024-12-27,CUST-0158,PROD-0099,West,Technology,Laptops,7,2349.87,576.48,0.2
ORD-01202,2022-05-03,CUST-0134,PROD-0026,Central,Technology,Phones,6,998.38,129.34,0.15
ORD-01203,2022-11-05,CUST-0192,PROD-0088,Central,Furniture,Bookcases,5,1832.64,333.64,0.15
ORD-01204,2022-05-12,CUST-0163,PROD-0027,East,Technology,Monitors,7,1104.89,292.51,0.1
ORD-01205,2022-11-25,CUST-0066,PROD-0088,South,Furniture,Bookcases,10,4096.49,742.17,0.05
ORD-01206,2022-08-21,CUST-0039,PROD-0025,South,Technology,Monitors,1,413.02,107.14,0.05
ORD-01207,2023-09-28,CUST-0119,PROD-0063,East,Office Supplies,Appliances,9,1395.28,257.29,0.15
ORD-01208,2022-03-17,CUST-0052,PROD-0021,East,Furniture,Desks,5,115.04,12.17,0.05
ORD-01209,2023-07-23,CUST-0169,PROD-0071,East,Furniture,Chairs,3,632.59,171.12,0.25
ORD-01210,2024-09-22,CUST-0006,PROD-0008,North,Office Supplies,Storage,2,246.6,54.33,0.1
ORD-01211,2022-05-11,CUST-0105,PROD-0047,East,Furniture,Tables,2,163.73,47.26,0.15
ORD-01212,2022-10-15,CUST-0061,PROD-0015,East,Office Supplies,Storage,10,303.82,60.78,0.25
ORD-01213,2022-09-05,CUST-0134,PROD-0086,Central,Technology,Phones,10,1846.0,277.57,0.2
ORD-01214,2022-07-04,CUST-0061,PROD-0077,East,Office Supplies,Paper,2,149.6,24.81,0.1
ORD-01215,2024-03-09,CUST-0192,PROD-0096,Central,Furniture,Furnishings,4,856.66,123.02,0.15
ORD-01216,2022-08-07,CUST-0045,PROD-0028,North,Furniture,Bookcases,5,2023.38,367.6,0.15
ORD-01217,2022-04-25,CUST-0126,PROD-0069,East,Technology,Accessories,6,840.74,243.6,0.25
ORD-01218,2023-10-11,CUST-0140,PROD-0055,North,Furniture,Bookcases,8,2648.16,395.29,0.25
ORD-01219,2023-07-23,CUST-0038,PROD-0047,West,Furniture,Tables,8,577.86,100.29,0.25
ORD-01220,2023-09-24,CUST-0006,PROD-0083,North,Technology,Printers,10,586.2,157.27,0.0
ORD-01221,2022-04-22,CUST-0177,PROD-0086,North,Technology,Phones,4,830.7,174.9,0.1
ORD-01222,2023-09-26,CUST-0164,PROD-0090,West,Office Supplies,Appliances,6,1817.6,226.13,0.25
ORD-01223,2023-04-30,CUST-0114,PROD-0050,Central,Office Supplies,Appliances,1,142.74,40.75,0.15
ORD-01224,2023-06-08,CUST-0078,PROD-0012,North,Furniture,Furnishings,4,280.08,39.79,0.1
ORD-01225,2022-11-25,CUST-0113,PROD-0081,South,Furniture,Desks,6,700.65,127.0,0.25
ORD-01226,2022-03-11,CUST-0071,PROD-0011,West,Office Supplies,Art,8,973.35,240.8,0.15
ORD-01227,2023-11-13,CUST-0184,PROD-0055,East,Furniture,Bookcases,2,838.58,201.0,0.05
ORD-01228,2024-11-02,CUST-0017,PROD-0046,West,Technology,Monitors,7,1800.06,442.54,0.2
ORD-01229,2023-11-01,CUST-0117,PROD-0089,Central,Technology,Laptops,1,396.04,90.41,0.0
ORD-01230,2023-01-12,CUST-0162,PROD-0057,East,Technology,Phones,3,1088.52,196.08,0.0
ORD-01231,2023-09-18,CUST-0081,PROD-0074,West,Furniture,Desks,2,353.9,46.56,0.0
ORD-01232,2024-11-23,CUST-0183,PROD-0099,South,Technology,Laptops,3,1007.09,238.83,0.2
ORD-01233,2023-10-17,CUST-0116,PROD-0062,North,Furniture,Furnishings,3,481.79,64.9,0.1
ORD-01234,2023-11-02,CUST-0073,PROD-0026,West,Technology,Phones,2,332.79,57.75,0.15
ORD-01235,2024-03-16,CUST-0097,PROD-0074,South,Furniture,Desks,4,707.8,204.99,0.0
ORD-01236,2023-04-14,CUST-0023,PROD-0060,South,Technology,Accessories,4,749.38,180.04,0.1
ORD-01237,2022-12-12,CUST-0013,PROD-0052,South,Technology,Monitors,10,2627.01,578.15,0.15
ORD-01238,2022-11-02,CUST-0023,PROD-0048,South,Office Supplies,Art,3,974.45,120.32,0.2
ORD-01239,2024-12-12,CUST-0112,PROD-0099,Central,Technology,Laptops,8,2517.72,500.6,0.25
ORD-01240,2023-04-05,CUST-0183,PROD-0027,South,Technology,Monitors,4,631.37,99.5,0.1
ORD-01241,2024-10-09,CUST-0098,PROD-0017,West,Office Supplies,Paper,7,1942.4,427.36,0.05
ORD-01242,2023-08-03,CUST-0187,PROD-0087,Central,Office Supplies,Storage,4,88.37,12.02,0.15
ORD-01243,2022-10-26,CUST-0008,PROD-0038,Central,Furniture,Chairs,5,107.25,23.97,0.05
ORD-01244,2023-05-24,CUST-0095,PROD-0075,Central,Technology,Accessories,8,527.2,53.81,0.0
ORD-01245,2022-09-30,CUST-0083,PROD-0089,Central,Technology,Laptops,7,2079.21,296.17,0.25
ORD-01246,2024-02-25,CUST-0182,PROD-0055,West,Furniture,Bookcases,10,3972.24,455.26,0.1
ORD-01247,2022-05-01,CUST-0014,PROD-0043,North,Office Supplies,Paper,4,921.57,259.56,0.15
ORD-01248,2022-04-04,CUST-0002,PROD-0033,East,Technology,Laptops,9,2264.04,398.9,0.2
ORD-01249,2024-03-19,CUST-0172,PROD-0048,North,Office Supplies,Art,3,974.45,105.46,0.2
ORD-01250,2023-01-03,CUST-0067,PROD-0022,West,Furniture,Desks,9,695.16,198.86,0.15
ORD-01251,2024-08-16,CUST-0034,PROD-0012,North,Furniture,Furnishings,6,350.1,72.15,0.25
ORD-01252,2022-10-18,CUST-0067,PROD-0015,West,Office Supplies,Storage,6,243.06,71.87,0.0
ORD-01253,2024-10-19,CUST-0072,PROD-0096,East,Furniture,Furnishings,6,1285.0,201.21,0.15
ORD-01254,2023-06-24,CUST-0157,PROD-0098,North,Office Supplies,Art,5,530.72,86.3,0.2
ORD-01255,2022-12-04,CUST-0081,PROD-0095,West,Furniture,Bookcases,8,1574.95,332.53,0.05
ORD-01256,2024-06-20,CUST-0014,PROD-0025,North,Technology,Monitors,3,1304.28,190.39,0.0
ORD-01257,2022-03-15,CUST-0121,PROD-0034,East,Technology,Laptops,3,760.57,147.11,0.25
ORD-01258,2022-08-26,CUST-0127,PROD-0006,East,Furniture,Furnishings,8,3219.05,958.52,0.1
ORD-01259,2024-09-20,CUST-0118,PROD-0064,East,Furniture,Bookcases,2,199.78,54.62,0.25
ORD-01260,2022-09-11,CUST-0090,PROD-0012,East,Furniture,Furnishings,4,280.08,38.13,0.1
ORD-01261,2022-12-11,CUST-0192,PROD-0066,Central,Office Supplies,Binders,5,464.12,129.11,0.2
ORD-01262,2023-03-11,CUST-0150,PROD-0001,South,Office Supplies,Paper,9,3107.66,423.0,0.2
ORD-01263,2022-06-07,CUST-0064,PROD-0099,Central,Technology,Laptops,8,2517.72,299.26,0.25
ORD-01264,2023-11-05,CUST-0007,PROD-0037,Central,Office Supplies,Paper,2,699.48,122.21,0.15
ORD-01265,2022-08-06,CUST-0083,PROD-0020,Central,Office Supplies,Appliances,1,249.23,47.86,0.0
ORD-01266,2024-09-09,CUST-0117,PROD-0081,Central,Furniture,Desks,5,622.8,144.24,0.2
ORD-01267,2023-11-06,CUST-0012,PROD-0084,West,Technology,Laptops,10,2835.69,467.84,0.15
ORD-01268,2022-09-22,CUST-0055,PROD-0007,East,Furniture,Furnishings,5,2023.34,525.32,0.1
ORD-01269,2022-05-25,CUST-0141,PROD-0078,East,Office Supplies,Art,7,3479.14,625.45,0.0
ORD-01270,2022-12-31,CUST-0062,PROD-0099,North,Technology,Laptops,7,2937.34,305.78,0.0
ORD-01271,2023-03-03,CUST-0042,PROD-0050,Central,Office Supplies,Appliances,7,1057.96,242.73,0.1
ORD-01272,2022-11-12,CUST-0031,PROD-0039,West,Furniture,Furnishings,8,3093.52,764.65,0.15
ORD-01273,2023-09-28,CUST-0176,PROD-0078,Central,Office Supplies,Art,3,1341.95,312.81,0.1
ORD-01274,2024-01-23,CUST-0132,PROD-0026,North,Technology,Phones,8,1331.17,368.84,0.15
ORD-01275,2024-09-02,CUST-0069,PROD-0073,West,Furniture,Chairs,10,2475.97,292.27,0.15
ORD-01276,2024-05-15,CUST-0095,PROD-0079,Central,Technology,Printers,3,545.52,123.36,0.15
ORD-01277,2022-07-10,CUST-0011,PROD-0066,North,Office Supplies,Binders,6,591.75,139.23,0.15
ORD-01278,2022-11-14,CUST-0127,PROD-0068,East,Office Supplies,Appliances,9,4414.05,698.04,0.0
ORD-01279,2024-06-14,CUST-0021,PROD-0062,North,Furniture,Furnishings,5,847.59,251.6,0.05
ORD-01280,2023-09-08,CUST-0064,PROD-0067,Central,Furniture,Bookcases,7,1883.07,402.43,0.1
ORD-01281,2022-06-06,CUST-0012,PROD-0066,West,Office Supplies,Binders,2,185.65,34.34,0.2
ORD-01282,2022-07-13,CUST-0119,PROD-0085,East,Technology,Laptops,10,2524.32,431.89,0.1
ORD-01283,2022-06-17,CUST-0197,PROD-0065,West,Technology,Laptops,1,68.58,17.01,0.0
ORD-01284,2024-08-05,CUST-0046,PROD-0024,South,Furniture,Furnishings,7,2344.09,273.46,0.0
ORD-01285,2023-09-02,CUST-0081,PROD-0076,West,Technology,Monitors,8,277.8,52.78,0.25
ORD-01286,2023-06-27,CUST-0088,PROD-0024,North,Furniture,Furnishings,4,1272.51,147.16,0.05
ORD-01287,2023-06-16,CUST-0173,PROD-0014,North,Technology,Phones,7,1174.43,121.65,0.2
ORD-01288,2024-03-19,CUST-0030,PROD-0002,South,Technology,Monitors,3,216.41,42.29,0.25
ORD-01289,2024-04-09,CUST-0169,PROD-0096,East,Furniture,Furnishings,10,1889.7,372.92,0.25
ORD-01290,2024-01-09,CUST-0177,PROD-0087,North,Office Supplies,Storage,7,163.74,19.24,0.1
ORD-01291,2022-10-04,CUST-0004,PROD-0025,Central,Technology,Monitors,2,869.52,207.99,0.0
ORD-01292,2023-01-21,CUST-0007,PROD-0027,Central,Technology,Monitors,8,1052.28,135.78,0.25
ORD-01293,2023-05-11,CUST-0112,PROD-0081,Central,Furniture,Desks,9,1331.23,156.05,0.05
ORD-01294,2024-08-07,CUST-0038,PROD-0061,West,Technology,Accessories,7,2064.72,254.56,0.0
ORD-01295,2022-11-09,CUST-0190,PROD-0090,South,Office Supplies,Appliances,8,2746.59,533.66,0.15
ORD-01296,2024-07-09,CUST-0150,PROD-0032,South,Office Supplies,Paper,4,90.72,19.4,0.1
ORD-01297,2024-03-13,CUST-0014,PROD-0043,North,Office Supplies,Paper,1,271.05,61.28,0.0
ORD-01298,2024-06-03,CUST-0107,PROD-0064,North,Furniture,Bookcases,10,1065.52,262.35,0.2
ORD-01299,2023-08-19,CUST-0010,PROD-0063,West,Office Supplies,Appliances,7,1085.22,219.94,0.15
ORD-01300,2024-09-26,CUST-0060,PROD-0092,Central,Office Supplies,Binders,1,332.04,34.47,0.2
ORD-01301,2023-10-09,CUST-0142,PROD-0009,West,Technology,Accessories,5,1466.47,268.99,0.25
ORD-01302,2024-08-27,CUST-0030,PROD-0064,South,Furniture,Bookcases,10,998.93,169.17,0.25
ORD-01303,2024-06-12,CUST-0006,PROD-0021,North,Furniture,Desks,5,90.82,12.57,0.25
ORD-01304,2023-12-06,CUST-0113,PROD-0030,South,Office Supplies,Appliances,9,4274.57,929.85,0.05
ORD-01305,2023-11-26,CUST-0155,PROD-0092,East,Office Supplies,Binders,8,3154.38,872.61,0.05
ORD-01306,2024-03-10,CUST-0107,PROD-0087,North,Office Supplies,Storage,6,132.55,34.46,0.15
ORD-01307,2022-11-28,CUST-0160,PROD-0027,South,Technology,Monitors,5,657.67,164.32,0.25
ORD-01308,2024-09-15,CUST-0034,PROD-0023,North,Furniture,Tables,4,1032.54,228.35,0.05
ORD-01309,2022-07-26,CUST-0107,PROD-0064,North,Furniture,Bookcases,5,632.65,89.76,0.05
ORD-01310,2022-04-07,CUST-0005,PROD-0046,West,Technology,Monitors,5,1446.48,340.48,0.1
ORD-01311,2022-12-24,CUST-0129,PROD-0005,East,Furniture,Furnishings,2,543.19,101.1,0.1
ORD-01312,2023-04-10,CUST-0031,PROD-0072,West,Office Supplies,Binders,4,1480.87,224.45,0.15
ORD-01313,2023-11-28,CUST-0091,PROD-0099,South,Technology,Laptops,1,335.7,51.53,0.2
ORD-01314,2022-11-06,CUST-0177,PROD-0066,North,Office Supplies,Binders,10,870.22,105.15,0.25
ORD-01315,2022-04-14,CUST-0113,PROD-0059,South,Furniture,Desks,2,797.08,204.32,0.0
ORD-01316,2022-07-28,CUST-0144,PROD-0006,North,Furniture,Furnishings,9,4023.81,536.81,0.0
ORD-01317,2022-08-30,CUST-0053,PROD-0047,North,Furniture,Tables,3,216.7,34.33,0.25
ORD-01318,2024-06-23,CUST-0196,PROD-0065,West,Technology,Laptops,8,411.48,112.79,0.25
ORD-01319,2022-11-12,CUST-0166,PROD-0047,East,Furniture,Tables,6,548.97,68.4,0.05
ORD-01320,2023-02-18,CUST-0113,PROD-0054,South,Furniture,Tables,1,108.24,28.9,0.05
ORD-01321,2024-08-28,CUST-0088,PROD-0037,North,Office Supplies,Paper,9,3517.98,411.77,0.05
ORD-01322,2024-02-02,CUST-0184,PROD-0097,East,Technology,Printers,7,2808.67,634.45,0.1
ORD-01323,2023-05-18,CUST-0039,PROD-0097,South,Technology,Printers,9,3410.52,878.02,0.15
ORD-01324,2022-10-10,CUST-0110,PROD-0053,South,Furniture,Bookcases,7,1500.65,435.74,0.15
ORD-01325,2024-11-23,CUST-0175,PROD-0047,North,Furniture,Tables,1,81.86,10.57,0.15
ORD-01326,2022-01-21,CUST-0184,PROD-0067,East,Furniture,Bookcases,2,597.8,100.23,0.0
ORD-01327,2024-04-02,CUST-0198,PROD-0022,Central,Furniture,Desks,7,636.09,113.64,0.0
ORD-01328,2022-03-17,CUST-0170,PROD-0083,Central,Technology,Printers,3,140.69,15.7,0.2
ORD-01329,2024-11-30,CUST-0076,PROD-0054,South,Furniture,Tables,7,598.18,143.66,0.25
ORD-01330,2023-09-16,CUST-0185,PROD-0096,North,Furniture,Furnishings,6,1360.58,138.21,0.1
ORD-01331,2023-07-27,CUST-0136,PROD-0079,East,Technology,Printers,3,481.34,87.02,0.25
ORD-01332,2023-02-25,CUST-0140,PROD-0080,North,Office Supplies,Appliances,10,2925.67,551.28,0.25
ORD-01333,2023-12-09,CUST-0167,PROD-0052,East,Technology,Monitors,4,1112.62,130.02,0.1
ORD-01334,2023-11-17,CUST-0100,PROD-0093,West,Technology,Phones,3,956.14,285.3,0.2
ORD-01335,2023-08-05,CUST-0055,PROD-0012,East,Furniture,Furnishings,9,560.16,91.0,0.2
ORD-01336,2023-11-29,CUST-0194,PROD-0082,South,Office Supplies,Storage,3,865.89,91.42,0.0
ORD-01337,2023-06-14,CUST-0062,PROD-0100,North,Office Supplies,Appliances,5,1874.21,345.88,0.25
ORD-01338,2024-10-31,CUST-0029,PROD-0094,South,Office Supplies,Appliances,1,202.67,30.8,0.1
ORD-01339,2024-11-05,CUST-0091,PROD-0016,South,Furniture,Desks,1,222.15,64.04,0.25
ORD-01340,2024-07-08,CUST-0077,PROD-0074,North,Furniture,Desks,1,150.41,25.24,0.15
ORD-01341,2023-04-29,CUST-0191,PROD-0075,East,Technology,Accessories,10,494.25,137.83,0.25
ORD-01342,2024-12-28,CUST-0153,PROD-0030,South,Office Supplies,Appliances,6,2699.73,423.61,0.1
ORD-01343,2022-10-14,CUST-0183,PROD-0049,South,Office Supplies,Storage,9,1508.15,225.51,0.25
ORD-01344,2023-11-03,CUST-0133,PROD-0075,North,Technology,Accessories,4,237.24,45.28,0.1
ORD-01345,2022-10-28,CUST-0183,PROD-0055,South,Furniture,Bookcases,7,3089.52,365.95,0.0
ORD-01346,2024-05-20,CUST-0034,PROD-0061,North,Technology,Accessories,4,1002.86,115.95,0.15
ORD-01347,2024-12-13,CUST-0104,PROD-0076,West,Technology,Monitors,9,333.36,85.26,0.2
ORD-01348,2023-06-25,CUST-0150,PROD-0064,South,Furniture,Bookcases,7,792.48,188.45,0.15
ORD-01349,2024-09-29,CUST-0188,PROD-0054,West,Furniture,Tables,3,324.73,65.32,0.05
ORD-01350,2024-09-19,CUST-0183,PROD-0059,South,Furniture,Desks,3,896.72,181.71,0.25
ORD-01351,2024-12-19,CUST-0031,PROD-0089,West,Technology,Laptops,4,1346.54,262.13,0.15
ORD-01352,2022-11-18,CUST-0144,PROD-0048,North,Office Supplies,Art,2,649.63,175.7,0.2
ORD-01353,2022-08-14,CUST-0031,PROD-0048,West,Office Supplies,Art,10,3654.18,394.86,0.1
ORD-01354,2022-11-10,CUST-0031,PROD-0048,West,Office Supplies,Art,5,1827.09,293.53,0.1
ORD-01355,2024-09-22,CUST-0008,PROD-0019,Central,Furniture,Desks,3,903.07,166.48,0.2
ORD-01356,2023-09-17,CUST-0073,PROD-0028,West,Furniture,Bookcases,3,1071.2,211.84,0.25
ORD-01357,2022-09-08,CUST-0141,PROD-0045,East,Furniture,Chairs,2,825.88,151.56,0.0
ORD-01358,2023-09-27,CUST-0145,PROD-0058,South,Furniture,Furnishings,6,651.58,127.09,0.15
ORD-01359,2022-09-29,CUST-0196,PROD-0018,West,Furniture,Chairs,9,1055.16,202.79,0.25
ORD-01360,2024-07-10,CUST-0171,PROD-0058,Central,Furniture,Furnishings,3,287.46,47.44,0.25
ORD-01361,2024-04-18,CUST-0100,PROD-0030,West,Office Supplies,Appliances,7,3149.68,655.76,0.1
ORD-01362,2024-06-26,CUST-0189,PROD-0036,South,Furniture,Tables,2,584.35,141.09,0.05
ORD-01363,2023-09-25,CUST-0144,PROD-0083,North,Technology,Printers,2,87.93,18.63,0.25
ORD-01364,2023-01-30,CUST-0159,PROD-0070,West,Furniture,Chairs,10,2717.3,791.98,0.0
ORD-01365,2024-12-04,CUST-0049,PROD-0097,West,Technology,Printers,8,2853.25,797.12,0.2
ORD-01366,2022-09-04,CUST-0169,PROD-0069,East,Technology,Accessories,3,560.49,86.87,0.0
ORD-01367,2023-02-26,CUST-0063,PROD-0091,South,Technology,Monitors,10,2353.14,275.15,0.15
ORD-01368,2024-12-28,CUST-0156,PROD-0042,South,Furniture,Furnishings,7,2240.84,244.24,0.2
ORD-01369,2022-02-17,CUST-0088,PROD-0056,North,Office Supplies,Art,3,38.17,4.0,0.15
ORD-01370,2024-12-17,CUST-0082,PROD-0049,South,Office Supplies,Storage,5,1117.15,137.33,0.0
ORD-01371,2022-07-23,CUST-0139,PROD-0022,West,Furniture,Desks,5,431.63,58.93,0.05
ORD-01372,2022-07-03,CUST-0040,PROD-0040,South,Furniture,Desks,7,562.69,75.31,0.25
ORD-01373,2023-10-29,CUST-0047,PROD-0004,West,Technology,Phones,1,67.81,12.07,0.1
ORD-01374,2023-10-18,CUST-0037,PROD-0053,South,Furniture,Bookcases,6,1361.93,238.48,0.1
ORD-01375,2022-09-05,CUST-0014,PROD-0026,North,Technology,Phones,4,626.43,136.06,0.2
ORD-01376,2024-10-06,CUST-0131,PROD-0097,Central,Technology,Printers,9,3410.52,988.61,0.15
ORD-01377,2023-07-06,CUST-0016,PROD-0041,Central,Office Supplies,Binders,8,2250.37,408.25,0.2
ORD-01378,2024-09-18,CUST-0008,PROD-0053,Central,Furniture,Bookcases,4,1008.84,155.19,0.0
ORD-01379,2022-07-27,CUST-0064,PROD-0098,Central,Office Supplies,Art,9,895.59,230.2,0.25
ORD-01380,2023-09-16,CUST-0146,PROD-0053,East,Furniture,Bookcases,8,2017.68,543.27,0.0
ORD-01381,2024-10-21,CUST-0053,PROD-0019,North,Furniture,Desks,6,1806.14,536.54,0.2
ORD-01382,2023-05-18,CUST-0138,PROD-0055,East,Furniture,Bookcases,9,3376.4,365.86,0.15
ORD-01383,2024-08-09,CUST-0159,PROD-0038,West,Furniture,Chairs,3,67.74,7.59,0.0
ORD-01384,2024-09-14,CUST-0070,PROD-0077,South,Office Supplies,Paper,5,311.66,54.86,0.25
ORD-01385,2023-12-21,CUST-0162,PROD-0028,East,Furniture,Bookcases,10,3808.72,595.16,0.2
ORD-01386,2022-11-27,CUST-0190,PROD-0069,South,Technology,Accessories,10,1868.3,299.17,0.0
ORD-01387,2024-03-20,CUST-0179,PROD-0016,West,Furniture,Desks,3,666.45,140.82,0.25
ORD-01388,2023-07-27,CUST-0111,PROD-0027,North,Technology,Monitors,10,1403.04,408.96,0.2
ORD-01389,2023-10-14,CUST-0175,PROD-0044,North,Office Supplies,Art,5,967.2,184.29,0.25
ORD-01390,2023-05-19,CUST-0170,PROD-0042,Central,Furniture,Furnishings,6,2280.85,437.83,0.05
ORD-01391,2023-11-04,CUST-0005,PROD-0089,West,Technology,Laptops,3,891.09,253.47,0.25
ORD-01392,2024-09-02,CUST-0002,PROD-0002,East,Technology,Monitors,3,245.26,51.79,0.15
ORD-01393,2024-09-28,CUST-0196,PROD-0051,West,Technology,Phones,9,3978.0,1024.18,0.0
ORD-01394,2022-06-08,CUST-0138,PROD-0004,East,Technology,Phones,8,452.04,56.36,0.25
ORD-01395,2024-02-10,CUST-0154,PROD-0046,West,Technology,Monitors,7,2137.58,572.51,0.05
ORD-01396,2022-01-18,CUST-0032,PROD-0060,Central,Technology,Accessories,6,1186.51,224.15,0.05
ORD-01397,2023-03-30,CUST-0191,PROD-0003,East,Office Supplies,Appliances,5,129.79,36.9,0.25
ORD-01398,2024-01-03,CUST-0050,PROD-0012,Central,Furniture,Furnishings,10,583.5,93.73,0.25
ORD-01399,2023-03-29,CUST-0060,PROD-0064,Central,Furniture,Bookcases,6,799.14,124.79,0.0
ORD-01400,2023-03-05,CUST-0002,PROD-0026,East,Technology,Phones,7,1370.32,375.44,0.0
ORD-01401,2024-10-21,CUST-0127,PROD-0022,East,Furniture,Desks,9,776.94,180.22,0.05
ORD-01402,2022-12-26,CUST-0017,PROD-0076,West,Technology,Monitors,3,104.17,11.77,0.25
ORD-01403,2023-06-16,CUST-0146,PROD-0030,East,Office Supplies,Appliances,9,3374.66,865.43,0.25
ORD-01404,2023-01-28,CUST-0174,PROD-0003,South,Office Supplies,Appliances,9,249.19,37.52,0.2
ORD-01405,2024-07-18,CUST-0001,PROD-0055,North,Furniture,Bookcases,1,397.22,74.09,0.1
ORD-01406,2024-04-13,CUST-0071,PROD-0016,West,Furniture,Desks,9,2265.93,451.18,0.15
ORD-01407,2024-11-25,CUST-0195,PROD-0006,North,Furniture,Furnishings,4,1788.36,278.24,0.0
ORD-01408,2024-05-10,CUST-0137,PROD-0058,East,Furniture,Furnishings,6,766.56,136.73,0.0
ORD-01409,2023-11-17,CUST-0021,PROD-0074,North,Furniture,Desks,1,132.71,19.26,0.25
ORD-01410,2024-05-17,CUST-0020,PROD-0032,East,Office Supplies,Paper,4,95.76,15.88,0.05
ORD-01411,2022-05-09,CUST-0161,PROD-0081,South,Furniture,Desks,2,311.4,61.03,0.0
ORD-01412,2022-02-19,CUST-0152,PROD-0081,Central,Furniture,Desks,6,840.78,125.64,0.1
ORD-01413,2024-08-27,CUST-0062,PROD-0044,North,Office Supplies,Art,1,232.13,47.34,0.1
ORD-01414,2023-04-30,CUST-0019,PROD-0100,East,Office Supplies,Appliances,10,3998.32,750.51,0.2
ORD-01415,2022-07-15,CUST-0161,PROD-0058,South,Furniture,Furnishings,10,1277.6,149.62,0.0
ORD-01416,2022-05-05,CUST-0009,PROD-0049,Central,Office Supplies,Storage,6,1005.43,113.62,0.25
ORD-01417,2022-09-19,CUST-0016,PROD-0057,Central,Technology,Phones,1,326.56,72.54,0.1
ORD-01418,2024-06-03,CUST-0017,PROD-0014,West,Technology,Phones,1,167.78,18.53,0.2
ORD-01419,2024-02-21,CUST-0103,PROD-0013,Central,Technology,Monitors,10,721.39,105.77,0.15
ORD-01420,2022-01-22,CUST-0117,PROD-0050,Central,Office Supplies,Appliances,8,1141.92,315.16,0.15
ORD-01421,2022-07-27,CUST-0087,PROD-0084,West,Technology,Laptops,1,283.57,57.69,0.15
ORD-01422,2023-01-30,CUST-0028,PROD-0014,North,Technology,Phones,1,167.78,40.71,0.2
ORD-01423,2023-02-01,CUST-0147,PROD-0017,South,Office Supplies,Paper,9,2365.93,404.76,0.1
ORD-01424,2024-09-12,CUST-0186,PROD-0080,South,Office Supplies,Appliances,8,2964.68,440.64,0.05
ORD-01425,2022-04-01,CUST-0016,PROD-0017,Central,Office Supplies,Paper,5,1168.36,218.68,0.2
ORD-01426,2024-01-03,CUST-0080,PROD-0075,Central,Technology,Accessories,9,563.45,72.96,0.05
ORD-01427,2023-09-25,CUST-0155,PROD-0044,East,Office Supplies,Art,5,1160.64,341.29,0.1
ORD-01428,2024-11-26,CUST-0151,PROD-0085,East,Technology,Laptops,3,841.44,124.09,0.0
ORD-01429,2022-04-22,CUST-0109,PROD-0045,West,Furniture,Chairs,4,1569.17,357.94,0.05
ORD-01430,2023-02-17,CUST-0018,PROD-0044,West,Office Supplies,Art,4,773.76,151.0,0.25
ORD-01431,2024-08-15,CUST-0154,PROD-0089,West,Technology,Laptops,6,1900.99,405.33,0.2
ORD-01432,2023-11-19,CUST-0158,PROD-0039,West,Furniture,Furnishings,7,2866.06,379.63,0.1
ORD-01433,2024-07-19,CUST-0011,PROD-0064,North,Furniture,Bookcases,4,532.76,121.34,0.0
ORD-01434,2023-04-17,CUST-0120,PROD-0080,West,Office Supplies,Appliances,4,1482.34,290.76,0.05
ORD-01435,2023-11-10,CUST-0190,PROD-0049,South,Office Supplies,Storage,4,759.66,103.96,0.15
ORD-01436,2022-01-14,CUST-0093,PROD-0002,South,Technology,Monitors,2,173.12,18.35,0.1
ORD-01437,2022-08-24,CUST-0037,PROD-0038,South,Furniture,Chairs,8,171.61,38.83,0.05
ORD-01438,2024-01-08,CUST-0012,PROD-0004,West,Technology,Phones,4,286.29,44.9,0.05
ORD-01439,2023-03-25,CUST-0068,PROD-0093,East,Technology,Phones,3,1075.65,289.9,0.1
ORD-01440,2023-05-19,CUST-0046,PROD-0026,South,Technology,Phones,1,185.97,49.95,0.05
ORD-01441,2022-07-27,CUST-0006,PROD-0087,North,Office Supplies,Storage,3,66.27,15.31,0.15
ORD-01442,2022-08-16,CUST-0087,PROD-0027,West,Technology,Monitors,5,745.37,110.34,0.15
ORD-01443,2024-02-02,CUST-0170,PROD-0022,Central,Furniture,Desks,9,654.26,180.79,0.2
ORD-01444,2022-05-14,CUST-0031,PROD-0019,West,Furniture,Desks,3,1072.4,148.35,0.05
ORD-01445,2024-02-14,CUST-0178,PROD-0048,Central,Office Supplies,Art,6,1948.9,362.32,0.2
ORD-01446,2023-05-16,CUST-0012,PROD-0098,West,Office Supplies,Art,10,1061.44,146.29,0.2
ORD-01447,2023-08-26,CUST-0039,PROD-0042,South,Furniture,Furnishings,4,1600.6,361.56,0.0
ORD-01448,2023-07-28,CUST-0033,PROD-0066,East,Office Supplies,Binders,10,986.25,139.9,0.15
ORD-01449,2022-06-16,CUST-0121,PROD-0085,East,Technology,Laptops,10,2804.8,374.4,0.0
ORD-01450,2024-03-05,CUST-0193,PROD-0083,South,Technology,Printers,9,474.82,94.83,0.1
ORD-01451,2024-08-08,CUST-0046,PROD-0042,South,Furniture,Furnishings,6,1920.72,458.86,0.2
ORD-01452,2024-10-10,CUST-0122,PROD-0035,North,Office Supplies,Binders,10,2998.29,682.47,0.15
ORD-01453,2022-03-16,CUST-0054,PROD-0029,South,Furniture,Bookcases,4,817.53,222.89,0.15
ORD-01454,2024-03-21,CUST-0056,PROD-0040,Central,Furniture,Desks,7,637.72,136.65,0.15
ORD-01455,2024-02-06,CUST-0066,PROD-0071,South,Furniture,Chairs,2,534.18,133.72,0.05
ORD-01456,2023-08-28,CUST-0114,PROD-0067,Central,Furniture,Bookcases,6,1703.73,369.36,0.05
ORD-01457,2024-08-10,CUST-0132,PROD-0080,North,Office Supplies,Appliances,6,1989.46,378.46,0.15
ORD-01458,2024-06-04,CUST-0105,PROD-0048,East,Office Supplies,Art,8,2923.34,451.96,0.1
ORD-01459,2022-02-20,CUST-0046,PROD-0057,South,Technology,Phones,4,1306.22,299.22,0.1
ORD-01460,2024-01-06,CUST-0022,PROD-0038,South,Furniture,Chairs,9,162.58,34.03,0.2
ORD-01461,2022-06-10,CUST-0071,PROD-0030,West,Office Supplies,Appliances,2,999.9,114.26,0.0
ORD-01462,2022-03-20,CUST-0140,PROD-0026,North,Technology,Phones,6,1115.83,262.24,0.05
ORD-01463,2023-05-28,CUST-0078,PROD-0096,North,Furniture,Furnishings,5,1196.81,288.59,0.05
ORD-01464,2022-10-10,CUST-0193,PROD-0092,South,Office Supplies,Binders,9,3361.91,341.93,0.1
ORD-01465,2023-09-06,CUST-0073,PROD-0045,West,Furniture,Chairs,7,2456.99,649.56,0.15
ORD-01466,2022-01-25,CUST-0121,PROD-0084,East,Technology,Laptops,9,2852.37,778.96,0.05
ORD-01467,2023-04-12,CUST-0059,PROD-0093,East,Technology,Phones,4,1354.53,198.77,0.15
ORD-01468,2024-08-17,CUST-0185,PROD-0060,North,Technology,Accessories,6,1248.96,203.1,0.0
ORD-01469,2023-01-20,CUST-0110,PROD-0099,South,Technology,Laptops,7,2790.47,523.87,0.05
ORD-01470,2022-03-03,CUST-0096,PROD-0018,Central,Furniture,Chairs,10,1485.04,239.26,0.05
ORD-01471,2022-01-20,CUST-0128,PROD-0085,West,Technology,Laptops,6,1514.59,219.76,0.1
ORD-01472,2024-05-21,CUST-0176,PROD-0097,Central,Technology,Printers,7,2340.55,485.71,0.25
ORD-01473,2023-10-30,CUST-0151,PROD-0003,East,Office Supplies,Appliances,10,346.1,98.44,0.0
ORD-01474,2022-11-11,CUST-0085,PROD-0073,North,Furniture,Chairs,10,2330.32,500.5,0.2
ORD-01475,2024-03-11,CUST-0098,PROD-0027,West,Technology,Monitors,7,1227.66,254.0,0.0
ORD-01476,2023-01-21,CUST-0122,PROD-0014,North,Technology,Phones,6,1006.66,294.33,0.2
ORD-01477,2023-09-16,CUST-0024,PROD-0022,East,Furniture,Desks,2,136.31,28.7,0.25
ORD-01478,2022-03-07,CUST-0177,PROD-0078,North,Office Supplies,Art,8,3976.16,546.08,0.0
ORD-01479,2022-05-23,CUST-0099,PROD-0037,West,Office Supplies,Paper,4,1563.55,247.39,0.05
ORD-01480,2024-12-09,CUST-0018,PROD-0059,West,Furniture,Desks,1,358.69,73.07,0.1
ORD-01481,2022-12-18,CUST-0084,PROD-0053,West,Furniture,Bookcases,7,1677.2,499.67,0.05
ORD-01482,2022-09-22,CUST-0138,PROD-0054,East,Furniture,Tables,8,683.64,77.77,0.25
ORD-01483,2023-02-27,CUST-0034,PROD-0027,North,Technology,Monitors,5,745.37,196.46,0.15
ORD-01484,2024-08-30,CUST-0041,PROD-0078,Central,Office Supplies,Art,10,4473.18,972.91,0.1
ORD-01485,2024-10-26,CUST-0184,PROD-0088,East,Furniture,Bookcases,8,3104.71,435.72,0.1
ORD-01486,2022-10-20,CUST-0115,PROD-0009,Central,Technology,Accessories,7,2189.94,572.7,0.2
ORD-01487,2024-12-12,CUST-0085,PROD-0073,North,Furniture,Chairs,8,1980.77,381.38,0.15
ORD-01488,2022-03-22,CUST-0189,PROD-0012,South,Furniture,Furnishings,5,291.75,80.58,0.25
ORD-01489,2024-07-23,CUST-0089,PROD-0090,North,Office Supplies,Appliances,5,1716.62,382.13,0.15
ORD-01490,2022-12-25,CUST-0107,PROD-0032,North,Office Supplies,Paper,3,60.48,14.92,0.2
ORD-01491,2024-07-26,CUST-0099,PROD-0085,West,Technology,Laptops,3,631.08,134.88,0.25
ORD-01492,2024-03-16,CUST-0179,PROD-0006,West,Furniture,Furnishings,4,1698.94,262.92,0.05
ORD-01493,2023-08-21,CUST-0171,PROD-0009,Central,Technology,Accessories,4,1329.6,242.33,0.15
ORD-01494,2022-09-06,CUST-0095,PROD-0010,Central,Furniture,Tables,2,360.86,91.41,0.2
ORD-01495,2023-10-30,CUST-0105,PROD-0058,East,Furniture,Furnishings,3,344.95,48.8,0.1
ORD-01496,2022-04-02,CUST-0119,PROD-0004,East,Technology,Phones,2,113.01,27.0,0.25
ORD-01497,2024-08-03,CUST-0098,PROD-0044,West,Office Supplies,Art,7,1715.17,307.59,0.05
ORD-01498,2022-01-22,CUST-0065,PROD-0015,West,Office Supplies,Storage,3,109.38,25.6,0.1
ORD-01499,2024-08-08,CUST-0125,PROD-0060,Central,Technology,Accessories,2,416.32,87.3,0.0
ORD-01500,2023-05-12,CUST-0183,PROD-0057,South,Technology,Phones,3,925.24,244.34,0.15
ORD-01501,2022-11-27,CUST-0044,PROD-0003,South,Office Supplies,Appliances,10,346.1,46.88,0.0
ORD-01502,2022-09-12,CUST-0137,PROD-0095,East,Furniture,Bookcases,7,1378.08,159.19,0.05
ORD-01503,2022-01-23,CUST-0174,PROD-0035,South,Office Supplies,Binders,3,899.49,154.37,0.15
ORD-01504,2023-03-20,CUST-0183,PROD-0005,South,Furniture,Furnishings,9,2580.13,486.13,0.05
ORD-01505,2022-04-08,CUST-0163,PROD-0067,East,Furniture,Bookcases,2,508.13,120.97,0.15
ORD-01506,2024-06-28,CUST-0014,PROD-0077,North,Office Supplies,Paper,1,83.11,21.15,0.0
ORD-01507,2023-02-18,CUST-0064,PROD-0048,Central,Office Supplies,Art,4,1542.88,182.49,0.05
ORD-01508,2024-05-13,CUST-0008,PROD-0002,Central,Technology,Monitors,6,548.23,129.38,0.05
ORD-01509,2022-05-10,CUST-0057,PROD-0013,East,Technology,Monitors,3,190.96,25.48,0.25
ORD-01510,2024-05-01,CUST-0132,PROD-0014,North,Technology,Phones,6,1132.49,240.55,0.1
ORD-01511,2023-01-24,CUST-0160,PROD-0027,South,Technology,Monitors,9,1341.66,386.11,0.15
ORD-01512,2022-09-05,CUST-0060,PROD-0028,Central,Furniture,Bookcases,2,856.96,141.12,0.1
ORD-01513,2022-01-31,CUST-0103,PROD-0084,Central,Technology,Laptops,6,2001.66,355.97,0.0
ORD-01514,2024-07-28,CUST-0057,PROD-0009,East,Technology,Accessories,5,1466.47,329.64,0.25
ORD-01515,2022-03-31,CUST-0018,PROD-0028,West,Furniture,Bookcases,7,2999.37,760.37,0.1
ORD-01516,2024-10-20,CUST-0027,PROD-0092,East,Office Supplies,Binders,9,2988.36,401.31,0.2
ORD-01517,2022-07-14,CUST-0154,PROD-0042,West,Furniture,Furnishings,7,2100.79,598.54,0.25
ORD-01518,2022-09-30,CUST-0086,PROD-0023,West,Furniture,Tables,6,1222.74,240.18,0.25
ORD-01519,2023-11-18,CUST-0005,PROD-0078,West,Office Supplies,Art,10,4224.67,745.55,0.15
ORD-01520,2023-04-22,CUST-0129,PROD-0076,East,Technology,Monitors,1,43.98,4.58,0.05
ORD-01521,2022-09-12,CUST-0080,PROD-0031,Central,Furniture,Tables,7,290.07,64.96,0.05
ORD-01522,2022-05-03,CUST-0036,PROD-0048,Central,Office Supplies,Art,8,2923.34,410.44,0.1
ORD-01523,2024-02-09,CUST-0053,PROD-0083,North,Technology,Printers,1,55.69,15.85,0.05
ORD-01524,2024-06-27,CUST-0190,PROD-0043,South,Office Supplies,Paper,3,731.84,119.66,0.1
ORD-01525,2022-03-23,CUST-0134,PROD-0054,Central,Furniture,Tables,5,569.7,83.06,0.0
ORD-01526,2023-11-10,CUST-0088,PROD-0032,North,Office Supplies,Paper,4,80.64,8.94,0.2
ORD-01527,2023-05-24,CUST-0176,PROD-0090,Central,Office Supplies,Appliances,4,1292.51,354.85,0.2
ORD-01528,2024-12-03,CUST-0083,PROD-0024,Central,Furniture,Furnishings,8,2009.22,203.35,0.25
ORD-01529,2024-10-03,CUST-0018,PROD-0025,West,Technology,Monitors,1,326.07,97.3,0.25
ORD-01530,2023-02-23,CUST-0033,PROD-0012,East,Furniture,Furnishings,3,186.72,39.17,0.2
ORD-01531,2023-02-23,CUST-0061,PROD-0065,East,Technology,Laptops,2,116.59,28.56,0.15
ORD-01532,2023-09-30,CUST-0043,PROD-0093,West,Technology,Phones,4,1513.88,279.77,0.05
ORD-01533,2023-05-25,CUST-0078,PROD-0037,North,Office Supplies,Paper,10,3497.41,1026.65,0.15
ORD-01534,2023-02-17,CUST-0070,PROD-0062,South,Furniture,Furnishings,2,321.19,57.7,0.1
ORD-01535,2022-12-10,CUST-0121,PROD-0057,East,Technology,Phones,7,2031.9,450.84,0.2
ORD-01536,2024-06-06,CUST-0195,PROD-0020,North,Office Supplies,Appliances,8,1993.84,503.22,0.0
ORD-01537,2024-05-25,CUST-0022,PROD-0098,South,Office Supplies,Art,5,530.72,110.09,0.2
ORD-01538,2022-12-26,CUST-0066,PROD-0049,South,Office Supplies,Storage,8,1608.7,306.81,0.1
ORD-01539,2024-02-08,CUST-0144,PROD-0078,North,Office Supplies,Art,8,3976.16,662.61,0.0
ORD-01540,2024-08-19,CUST-0051,PROD-0020,North,Office Supplies,Appliances,4,996.92,102.25,0.0
ORD-01541,2024-10-22,CUST-0187,PROD-0093,Central,Technology,Phones,6,2031.79,367.57,0.15
ORD-01542,2024-05-01,CUST-0102,PROD-0096,West,Furniture,Furnishings,6,1285.0,254.31,0.15
ORD-01543,2022-05-26,CUST-0105,PROD-0005,East,Furniture,Furnishings,2,513.01,146.94,0.15
ORD-01544,2022-11-29,CUST-0050,PROD-0098,Central,Office Supplies,Art,7,835.88,212.53,0.1
ORD-01545,2023-12-15,CUST-0131,PROD-0091,Central,Technology,Monitors,8,1661.04,394.83,0.25
ORD-01546,2022-04-29,CUST-0167,PROD-0050,East,Office Supplies,Appliances,7,881.63,131.68,0.25
ORD-01547,2024-09-05,CUST-0009,PROD-0047,Central,Furniture,Tables,1,72.23,16.84,0.25
ORD-01548,2022-10-30,CUST-0067,PROD-0078,West,Office Supplies,Art,8,2982.12,386.11,0.25
ORD-01549,2023-05-22,CUST-0155,PROD-0075,East,Technology,Accessories,3,197.7,24.39,0.0
ORD-01550,2022-07-09,CUST-0165,PROD-0092,East,Office Supplies,Binders,7,2469.55,595.69,0.15
ORD-01551,2022-06-14,CUST-0133,PROD-0025,North,Technology,Monitors,7,2891.15,768.9,0.05
ORD-01552,2023-06-02,CUST-0178,PROD-0039,Central,Furniture,Furnishings,9,3275.5,758.92,0.2
ORD-01553,2024-02-23,CUST-0151,PROD-0040,East,Furniture,Desks,7,562.69,154.11,0.25
ORD-01554,2022-08-12,CUST-0163,PROD-0074,East,Furniture,Desks,6,1008.61,155.13,0.05
ORD-01555,2023-03-06,CUST-0192,PROD-0051,Central,Technology,Phones,5,2210.0,657.27,0.0
ORD-01556,2024-10-04,CUST-0001,PROD-0013,North,Technology,Monitors,2,127.31,23.37,0.25
ORD-01557,2024-05-03,CUST-0168,PROD-0037,Central,Office Supplies,Paper,7,2736.21,370.16,0.05
ORD-01558,2023-01-17,CUST-0181,PROD-0018,South,Furniture,Chairs,4,531.49,72.49,0.15
ORD-01559,2022-08-14,CUST-0116,PROD-0073,North,Furniture,Chairs,4,1106.9,155.17,0.05
ORD-01560,2023-01-10,CUST-0195,PROD-0025,North,Technology,Monitors,5,1847.73,347.64,0.15
ORD-01561,2022-08-12,CUST-0163,PROD-0022,East,Furniture,Desks,2,163.57,19.16,0.1
ORD-01562,2022-09-13,CUST-0071,PROD-0009,West,Technology,Accessories,6,2346.36,509.46,0.0
ORD-01563,2024-09-05,CUST-0125,PROD-0087,Central,Office Supplies,Storage,2,51.98,5.83,0.0
ORD-01564,2022-01-15,CUST-0171,PROD-0075,Central,Technology,Accessories,1,65.9,9.37,0.0
ORD-01565,2022-01-15,CUST-0097,PROD-0078,South,Office Supplies,Art,9,4025.86,1153.11,0.1
ORD-01566,2024-08-27,CUST-0194,PROD-0044,South,Office Supplies,Art,10,2192.32,366.8,0.15
ORD-01567,2023-12-04,CUST-0081,PROD-0031,West,Furniture,Tables,6,196.29,35.27,0.25
ORD-01568,2022-04-28,CUST-0092,PROD-0043,West,Office Supplies,Paper,2,542.1,103.75,0.0
ORD-01569,2024-04-02,CUST-0186,PROD-0018,South,Furniture,Chairs,1,125.06,15.58,0.2
ORD-01570,2024-12-22,CUST-0072,PROD-0090,East,Office Supplies,Appliances,4,1454.08,276.83,0.1
ORD-01571,2024-08-31,CUST-0132,PROD-0053,North,Furniture,Bookcases,4,1008.84,299.86,0.0
ORD-01572,2023-10-22,CUST-0005,PROD-0082,West,Office Supplies,Storage,6,1731.78,509.0,0.0
ORD-01573,2023-10-29,CUST-0174,PROD-0057,South,Technology,Phones,4,1161.09,228.63,0.2
ORD-01574,2022-06-16,CUST-0090,PROD-0055,East,Furniture,Bookcases,8,2648.16,718.76,0.25
ORD-01575,2022-07-25,CUST-0188,PROD-0050,West,Office Supplies,Appliances,5,671.72,93.38,0.2
ORD-01576,2022-10-21,CUST-0134,PROD-0074,Central,Furniture,Desks,9,1592.55,199.98,0.0
ORD-01577,2022-06-28,CUST-0078,PROD-0087,North,Office Supplies,Storage,9,198.82,26.56,0.15
ORD-01578,2024-07-02,CUST-0030,PROD-0062,South,Furniture,Furnishings,9,1525.66,226.82,0.05
ORD-01579,2022-12-16,CUST-0193,PROD-0085,South,Technology,Laptops,2,560.96,104.89,0.0
ORD-01580,2022-03-01,CUST-0042,PROD-0042,Central,Furniture,Furnishings,7,2520.94,363.2,0.1
ORD-01581,2023-06-12,CUST-0171,PROD-0061,Central,Technology,Accessories,2,442.44,56.26,0.25
ORD-01582,2024-12-30,CUST-0163,PROD-0093,East,Technology,Phones,8,3187.12,825.81,0.0
ORD-01583,2023-11-13,CUST-0058,PROD-0074,Central,Furniture,Desks,10,1769.5,404.86,0.0
ORD-01584,2024-02-12,CUST-0184,PROD-0096,East,Furniture,Furnishings,7,1322.79,302.15,0.25
ORD-01585,2024-06-13,CUST-0060,PROD-0029,Central,Furniture,Bookcases,5,1202.25,190.19,0.0
ORD-01586,2022-08-17,CUST-0023,PROD-0044,South,Office Supplies,Art,10,2450.24,609.92,0.05
ORD-01587,2022-08-26,CUST-0147,PROD-0048,South,Office Supplies,Art,3,1096.25,318.8,0.1
ORD-01588,2022-01-04,CUST-0080,PROD-0008,Central,Office Supplies,Storage,10,1096.0,151.22,0.2
ORD-01589,2024-03-05,CUST-0109,PROD-0041,West,Office Supplies,Binders,6,1582.29,453.78,0.25
ORD-01590,2022-09-16,CUST-0134,PROD-0085,Central,Technology,Laptops,10,2243.84,324.07,0.2
ORD-01591,2024-03-20,CUST-0003,PROD-0069,South,Technology,Accessories,8,1345.18,173.45,0.1
ORD-01592,2023-08-31,CUST-0057,PROD-0064,East,Furniture,Bookcases,8,1012.24,222.99,0.05
ORD-01593,2022-10-26,CUST-0192,PROD-0086,Central,Technology,Phones,1,184.6,30.28,0.2
ORD-01594,2024-10-25,CUST-0177,PROD-0016,North,Furniture,Desks,5,1110.75,238.58,0.25
ORD-01595,2023-03-18,CUST-0127,PROD-0038,East,Furniture,Chairs,7,158.06,46.82,0.0
ORD-01596,2023-11-14,CUST-0040,PROD-0092,South,Office Supplies,Binders,4,1245.15,357.22,0.25
ORD-01597,2023-04-06,CUST-0180,PROD-0095,East,Furniture,Bookcases,1,196.87,53.42,0.05
ORD-01598,2024-03-13,CUST-0077,PROD-0085,North,Technology,Laptops,3,841.44,176.36,0.0
ORD-01599,2023-11-23,CUST-0109,PROD-0087,West,Office Supplies,Storage,8,187.13,47.07,0.1
ORD-01600,2024-03-11,CUST-0019,PROD-0068,East,Office Supplies,Appliances,5,2207.03,528.09,0.1
ORD-01601,2023-02-04,CUST-0180,PROD-0071,East,Furniture,Chairs,7,1968.05,248.33,0.0
ORD-01602,2022-04-21,CUST-0182,PROD-0039,West,Furniture,Furnishings,8,2729.58,362.32,0.25
ORD-01603,2022-10-09,CUST-0114,PROD-0090,Central,Office Supplies,Appliances,8,2908.15,812.66,0.1
ORD-01604,2023-03-06,CUST-0056,PROD-0096,Central,Furniture,Furnishings,4,755.88,174.04,0.25
ORD-01605,2024-01-12,CUST-0186,PROD-0074,South,Furniture,Desks,2,265.42,68.24,0.25
ORD-01606,2022-10-30,CUST-0097,PROD-0055,South,Furniture,Bookcases,3,1324.08,157.84,0.0
ORD-01607,2024-08-28,CUST-0046,PROD-0007,South,Furniture,Furnishings,2,719.41,165.48,0.2
ORD-01608,2024-06-07,CUST-0039,PROD-0081,South,Furniture,Desks,7,1035.4,110.58,0.05
ORD-01609,2023-05-09,CUST-0102,PROD-0063,West,Office Supplies,Appliances,5,683.96,149.95,0.25
ORD-01610,2022-12-20,CUST-0168,PROD-0096,Central,Furniture,Furnishings,7,1322.79,394.5,0.25
ORD-01611,2022-07-03,CUST-0200,PROD-0060,South,Technology,Accessories,7,1311.41,296.99,0.1
ORD-01612,2024-06-30,CUST-0095,PROD-0002,Central,Technology,Monitors,2,192.36,22.42,0.0
ORD-01613,2024-09-28,CUST-0165,PROD-0086,East,Technology,Phones,9,1972.91,206.38,0.05
ORD-01614,2024-09-09,CUST-0071,PROD-0089,West,Technology,Laptops,2,633.66,86.32,0.2
ORD-01615,2024-09-18,CUST-0166,PROD-0090,East,Office Supplies,Appliances,7,2544.63,545.28,0.1
ORD-01616,2022-07-23,CUST-0084,PROD-0009,West,Technology,Accessories,9,3343.56,605.41,0.05
ORD-01617,2022-02-10,CUST-0101,PROD-0072,East,Office Supplies,Binders,9,3135.96,620.02,0.2
ORD-01618,2024-11-28,CUST-0150,PROD-0069,South,Technology,Accessories,2,354.98,104.06,0.05
ORD-01619,2022-08-29,CUST-0047,PROD-0077,West,Office Supplies,Paper,3,249.33,52.59,0.0
ORD-01620,2023-10-06,CUST-0032,PROD-0006,Central,Furniture,Furnishings,3,1073.02,151.56,0.2
ORD-01621,2022-11-27,CUST-0023,PROD-0072,South,Office Supplies,Binders,5,2177.75,254.63,0.0
ORD-01622,2022-09-13,CUST-0130,PROD-0039,Central,Furniture,Furnishings,6,2183.66,293.31,0.2
ORD-01623,2022-01-01,CUST-0064,PROD-0039,Central,Furniture,Furnishings,1,363.94,102.24,0.2
ORD-01624,2023-08-24,CUST-0169,PROD-0069,East,Technology,Accessories,8,1419.91,305.87,0.05
ORD-01625,2023-10-03,CUST-0134,PROD-0046,Central,Technology,Monitors,10,2571.52,519.75,0.2
ORD-01626,2022-07-22,CUST-0170,PROD-0006,Central,Furniture,Furnishings,4,1788.36,246.1,0.0
ORD-01627,2023-09-06,CUST-0056,PROD-0018,Central,Furniture,Chairs,10,1250.56,179.09,0.2
ORD-01628,2024-01-06,CUST-0072,PROD-0017,East,Office Supplies,Paper,10,2482.76,285.2,0.15
ORD-01629,2023-06-07,CUST-0067,PROD-0049,West,Office Supplies,Storage,3,569.75,108.94,0.15
ORD-01630,2023-06-05,CUST-0174,PROD-0055,South,Furniture,Bookcases,3,1059.26,149.09,0.2
ORD-01631,2023-07-06,CUST-0163,PROD-0090,East,Office Supplies,Appliances,4,1211.73,211.36,0.25
ORD-01632,2024-11-13,CUST-0155,PROD-0021,East,Furniture,Desks,7,161.06,26.3,0.05
ORD-01633,2024-06-07,CUST-0098,PROD-0004,West,Technology,Phones,10,715.73,82.67,0.05
ORD-01634,2022-09-13,CUST-0137,PROD-0015,East,Office Supplies,Storage,9,309.9,35.08,0.15
ORD-01635,2022-07-02,CUST-0093,PROD-0043,South,Office Supplies,Paper,5,1287.49,352.48,0.05
ORD-01636,2023-04-08,CUST-0071,PROD-0002,West,Technology,Monitors,2,163.51,48.38,0.15
ORD-01637,2023-04-01,CUST-0097,PROD-0014,South,Technology,Phones,2,398.47,81.8,0.05
ORD-01638,2023-09-20,CUST-0151,PROD-0063,East,Office Supplies,Appliances,2,291.82,49.55,0.2
ORD-01639,2023-08-01,CUST-0142,PROD-0035,West,Office Supplies,Binders,10,3527.4,985.25,0.0
ORD-01640,2022-12-16,CUST-0082,PROD-0097,South,Technology,Printers,7,2964.7,501.14,0.05
ORD-01641,2024-12-24,CUST-0142,PROD-0077,West,Office Supplies,Paper,7,494.5,108.03,0.15
ORD-01642,2023-06-15,CUST-0003,PROD-0088,South,Furniture,Bookcases,9,2910.67,381.58,0.25
ORD-01643,2022-09-16,CUST-0037,PROD-0049,South,Office Supplies,Storage,10,1675.73,257.18,0.25
ORD-01644,2024-01-29,CUST-0182,PROD-0100,West,Office Supplies,Appliances,4,1499.37,332.47,0.25
ORD-01645,2024-07-26,CUST-0047,PROD-0057,West,Technology,Phones,6,1850.48,370.92,0.15
ORD-01646,2023-07-19,CUST-0110,PROD-0067,South,Furniture,Bookcases,4,1076.04,244.4,0.1
ORD-01647,2022-06-28,CUST-0079,PROD-0053,North,Furniture,Bookcases,6,1513.26,343.41,0.0
ORD-01648,2022-06-07,CUST-0187,PROD-0031,Central,Furniture,Tables,2,82.88,17.82,0.05
ORD-01649,2022-06-23,CUST-0191,PROD-0037,East,Office Supplies,Paper,9,3147.67,823.65,0.15
ORD-01650,2022-01-22,CUST-0109,PROD-0087,West,Office Supplies,Storage,9,175.43,22.33,0.25
ORD-01651,2024-10-16,CUST-0132,PROD-0088,North,Furniture,Bookcases,9,2910.67,363.65,0.25
ORD-01652,2022-01-29,CUST-0158,PROD-0025,West,Technology,Monitors,1,326.07,60.32,0.25
ORD-01653,2024-12-30,CUST-0192,PROD-0045,Central,Furniture,Chairs,4,1238.82,287.7,0.25
ORD-01654,2024-12-17,CUST-0176,PROD-0078,Central,Office Supplies,Art,1,397.62,75.44,0.2
ORD-01655,2022-12-12,CUST-0173,PROD-0098,North,Office Supplies,Art,9,1134.41,153.1,0.05
ORD-01656,2024-01-22,CUST-0035,PROD-0066,East,Office Supplies,Binders,6,696.18,128.48,0.0
ORD-01657,2024-02-16,CUST-0044,PROD-0048,South,Office Supplies,Art,2,730.84,206.69,0.1
ORD-01658,2023-05-27,CUST-0139,PROD-0099,West,Technology,Laptops,2,755.32,120.73,0.1
ORD-01659,2023-08-25,CUST-0068,PROD-0028,East,Furniture,Bookcases,1,357.07,80.78,0.25
ORD-01660,2024-03-17,CUST-0056,PROD-0040,Central,Furniture,Desks,9,964.62,276.93,0.0
ORD-01661,2024-09-26,CUST-0015,PROD-0046,North,Technology,Monitors,1,257.15,49.39,0.2
ORD-01662,2023-09-04,CUST-0091,PROD-0014,South,Technology,Phones,1,188.75,52.48,0.1
ORD-01663,2023-01-17,CUST-0103,PROD-0046,Central,Technology,Monitors,1,321.44,59.84,0.0
ORD-01664,2023-02-09,CUST-0022,PROD-0068,South,Office Supplies,Appliances,9,4193.35,763.79,0.05
ORD-01665,2024-09-25,CUST-0002,PROD-0020,East,Office Supplies,Appliances,5,1183.84,229.83,0.05
ORD-01666,2024-02-06,CUST-0077,PROD-0047,North,Furniture,Tables,7,640.46,132.76,0.05
ORD-01667,2023-07-06,CUST-0028,PROD-0057,North,Technology,Phones,8,2757.58,352.9,0.05
ORD-01668,2024-06-07,CUST-0002,PROD-0046,East,Technology,Monitors,4,1285.76,177.32,0.0
ORD-01669,2022-03-24,CUST-0035,PROD-0051,East,Technology,Phones,7,2320.5,385.77,0.25
ORD-01670,2022-03-06,CUST-0042,PROD-0086,Central,Technology,Phones,4,784.55,229.04,0.15
ORD-01671,2023-06-29,CUST-0031,PROD-0054,West,Furniture,Tables,8,729.22,145.2,0.2
ORD-01672,2022-09-18,CUST-0084,PROD-0097,West,Technology,Printers,7,2496.59,612.16,0.2
ORD-01673,2024-03-07,CUST-0034,PROD-0015,North,Office Supplies,Storage,2,81.02,10.15,0.0
ORD-01674,2023-12-06,CUST-0129,PROD-0002,East,Technology,Monitors,4,384.72,90.66,0.0
ORD-01675,2023-12-02,CUST-0110,PROD-0077,South,Office Supplies,Paper,1,70.64,13.85,0.15
ORD-01676,2023-08-01,CUST-0125,PROD-0011,Central,Office Supplies,Art,7,951.88,212.77,0.05
ORD-01677,2024-11-13,CUST-0048,PROD-0032,West,Office Supplies,Paper,5,126.0,34.38,0.0
ORD-01678,2023-05-22,CUST-0171,PROD-0055,Central,Furniture,Bookcases,4,1500.62,362.09,0.15
ORD-01679,2022-07-31,CUST-0180,PROD-0094,East,Office Supplies,Appliances,9,1621.37,220.89,0.2
ORD-01680,2022-11-01,CUST-0059,PROD-0016,East,Furniture,Desks,3,755.31,81.33,0.15
ORD-01681,2023-01-29,CUST-0038,PROD-0055,West,Furniture,Bookcases,1,353.09,49.41,0.2
ORD-01682,2022-04-15,CUST-0098,PROD-0053,West,Furniture,Bookcases,9,2042.9,490.36,0.1
ORD-01683,2023-04-19,CUST-0057,PROD-0044,East,Office Supplies,Art,7,1534.62,172.29,0.15
ORD-01684,2024-05-24,CUST-0165,PROD-0007,East,Furniture,Furnishings,5,2248.15,345.88,0.0
ORD-01685,2023-07-29,CUST-0090,PROD-0092,East,Office Supplies,Binders,7,2760.08,452.57,0.05
ORD-01686,2022-04-08,CUST-0047,PROD-0006,West,Furniture,Furnishings,1,447.09,103.76,0.0
ORD-01687,2023-10-21,CUST-0055,PROD-0037,East,Office Supplies,Paper,8,2962.51,834.53,0.1
ORD-01688,2022-07-26,CUST-0111,PROD-0024,North,Furniture,Furnishings,5,1423.2,245.81,0.15
ORD-01689,2023-09-16,CUST-0029,PROD-0013,South,Technology,Monitors,1,63.65,13.39,0.25
ORD-01690,2022-09-24,CUST-0085,PROD-0047,North,Furniture,Tables,6,433.39,110.84,0.25
ORD-01691,2024-12-19,CUST-0155,PROD-0048,East,Office Supplies,Art,4,1218.06,189.03,0.25
ORD-01692,2024-02-26,CUST-0023,PROD-0014,South,Technology,Phones,3,471.87,117.27,0.25
ORD-01693,2022-09-04,CUST-0011,PROD-0076,North,Technology,Monitors,4,175.94,42.39,0.05
ORD-01694,2022-07-22,CUST-0020,PROD-0070,East,Furniture,Chairs,10,2445.57,392.01,0.1
ORD-01695,2024-08-29,CUST-0195,PROD-0026,North,Technology,Phones,9,1321.38,172.75,0.25
ORD-01696,2022-09-19,CUST-0050,PROD-0054,Central,Furniture,Tables,9,769.1,115.75,0.25
ORD-01697,2023-12-13,CUST-0094,PROD-0058,South,Furniture,Furnishings,2,217.19,24.66,0.15
ORD-01698,2024-05-08,CUST-0135,PROD-0065,East,Technology,Laptops,1,65.15,14.32,0.05
ORD-01699,2022-09-22,CUST-0075,PROD-0006,North,Furniture,Furnishings,10,4470.9,1157.42,0.0
ORD-01700,2023-01-25,CUST-0190,PROD-0051,South,Technology,Phones,8,2652.0,547.62,0.25
ORD-01701,2024-11-17,CUST-0020,PROD-0022,East,Furniture,Desks,8,581.57,102.84,0.2
ORD-01702,2024-03-10,CUST-0103,PROD-0078,Central,Office Supplies,Art,5,2360.84,322.99,0.05
ORD-01703,2022-11-24,CUST-0147,PROD-0028,South,Furniture,Bookcases,10,3570.67,363.4,0.25
ORD-01704,2024-11-16,CUST-0117,PROD-0065,Central,Technology,Laptops,9,555.5,89.26,0.1
ORD-01705,2023-03-28,CUST-0076,PROD-0091,South,Technology,Monitors,5,1107.36,137.11,0.2
ORD-01706,2023-04-04,CUST-0012,PROD-0069,West,Technology,Accessories,4,672.59,72.52,0.1
ORD-01707,2022-10-31,CUST-0072,PROD-0018,East,Furniture,Chairs,5,781.6,178.58,0.0
ORD-01708,2023-05-25,CUST-0054,PROD-0069,South,Technology,Accessories,2,373.66,85.84,0.0
ORD-01709,2024-01-26,CUST-0084,PROD-0011,West,Office Supplies,Art,9,1159.43,283.38,0.1
ORD-01710,2024-04-16,CUST-0157,PROD-0038,North,Furniture,Chairs,6,135.48,30.51,0.0
ORD-01711,2022-01-22,CUST-0092,PROD-0029,West,Furniture,Bookcases,5,1142.14,172.69,0.05
ORD-01712,2022-02-02,CUST-0138,PROD-0085,East,Technology,Laptops,10,2804.8,685.83,0.0
ORD-01713,2024-02-22,CUST-0168,PROD-0033,Central,Technology,Laptops,10,2515.6,355.28,0.2
ORD-01714,2024-06-24,CUST-0057,PROD-0042,East,Furniture,Furnishings,5,1900.71,411.19,0.05
ORD-01715,2024-03-20,CUST-0040,PROD-0058,South,Furniture,Furnishings,4,383.28,94.0,0.25
ORD-01716,2024-01-25,CUST-0038,PROD-0062,West,Furniture,Furnishings,2,303.35,41.35,0.15
ORD-01717,2023-01-14,CUST-0046,PROD-0025,South,Technology,Monitors,10,3695.46,1066.77,0.15
ORD-01718,2023-01-05,CUST-0166,PROD-0037,East,Office Supplies,Paper,1,370.31,49.1,0.1
ORD-01719,2022-12-30,CUST-0101,PROD-0088,East,Furniture,Bookcases,10,4096.49,466.55,0.05
ORD-01720,2022-05-28,CUST-0110,PROD-0032,South,Office Supplies,Paper,8,151.2,44.46,0.25
ORD-01721,2022-07-25,CUST-0186,PROD-0068,South,Office Supplies,Appliances,3,1103.51,275.98,0.25
ORD-01722,2022-01-25,CUST-0155,PROD-0013,East,Technology,Monitors,7,504.98,52.59,0.15
ORD-01723,2022-01-28,CUST-0196,PROD-0083,West,Technology,Printers,1,55.69,8.34,0.05
ORD-01724,2022-06-21,CUST-0069,PROD-0019,West,Furniture,Desks,10,3762.8,972.61,0.0
ORD-01725,2022-01-20,CUST-0028,PROD-0070,North,Furniture,Chairs,6,1222.79,143.06,0.25
ORD-01726,2022-10-13,CUST-0123,PROD-0098,Central,Office Supplies,Art,10,1127.78,296.71,0.15
ORD-01727,2023-09-22,CUST-0085,PROD-0062,North,Furniture,Furnishings,3,508.55,56.54,0.05
ORD-01728,2023-07-02,CUST-0161,PROD-0070,South,Furniture,Chairs,2,543.46,144.01,0.0
ORD-01729,2022-07-30,CUST-0140,PROD-0038,North,Furniture,Chairs,2,36.13,10.02,0.2
ORD-01730,2024-04-30,CUST-0037,PROD-0001,South,Office Supplies,Paper,4,1726.48,250.92,0.0
ORD-01731,2024-02-29,CUST-0038,PROD-0046,West,Technology,Monitors,5,1526.84,434.14,0.05
ORD-01732,2024-02-27,CUST-0176,PROD-0092,Central,Office Supplies,Binders,2,705.59,94.49,0.15
ORD-01733,2022-08-14,CUST-0058,PROD-0014,Central,Technology,Phones,5,943.74,108.77,0.1
ORD-01734,2023-11-15,CUST-0031,PROD-0047,West,Furniture,Tables,2,192.62,42.55,0.0
ORD-01735,2022-12-31,CUST-0110,PROD-0068,South,Office Supplies,Appliances,6,2354.16,320.81,0.2
ORD-01736,2024-05-20,CUST-0039,PROD-0086,South,Technology,Phones,5,923.0,243.22,0.2
ORD-01737,2023-12-15,CUST-0027,PROD-0035,East,Office Supplies,Binders,8,2116.44,367.88,0.25
ORD-01738,2023-06-28,CUST-0183,PROD-0010,South,Furniture,Tables,1,214.26,54.76,0.05
ORD-01739,2022-10-28,CUST-0082,PROD-0019,South,Furniture,Desks,7,2238.87,546.89,0.15
ORD-01740,2024-09-06,CUST-0018,PROD-0015,West,Office Supplies,Storage,10,344.33,100.52,0.15
ORD-01741,2023-07-25,CUST-0038,PROD-0012,West,Furniture,Furnishings,6,443.46,60.48,0.05
ORD-01742,2024-02-28,CUST-0091,PROD-0041,South,Office Supplies,Binders,8,2391.02,469.26,0.15
ORD-01743,2024-04-27,CUST-0155,PROD-0082,East,Office Supplies,Storage,6,1645.19,428.45,0.05
ORD-01744,2023-05-19,CUST-0099,PROD-0054,West,Furniture,Tables,9,871.64,181.08,0.15
ORD-01745,2024-10-05,CUST-0137,PROD-0069,East,Technology,Accessories,4,635.22,74.15,0.15
ORD-01746,2024-05-13,CUST-0135,PROD-0074,East,Furniture,Desks,4,530.85,62.35,0.25
ORD-01747,2024-01-11,CUST-0001,PROD-0027,North,Technology,Monitors,1,157.84,33.41,0.1
ORD-01748,2022-10-01,CUST-0029,PROD-0008,South,Office Supplies,Storage,6,739.8,199.56,0.1
ORD-01749,2022-10-13,CUST-0076,PROD-0059,South,Furniture,Desks,3,956.5,281.56,0.2
ORD-01750,2024-05-12,CUST-0063,PROD-0027,South,Technology,Monitors,4,701.52,174.96,0.0
ORD-01751,2022-08-29,CUST-0179,PROD-0091,West,Technology,Monitors,3,705.94,174.1,0.15
ORD-01752,2024-05-19,CUST-0096,PROD-0007,Central,Furniture,Furnishings,2,674.44,145.9,0.25
ORD-01753,2024-09-03,CUST-0153,PROD-0021,South,Furniture,Desks,1,23.01,3.98,0.05
ORD-01754,2022-06-11,CUST-0063,PROD-0010,South,Furniture,Tables,1,180.43,48.03,0.2
ORD-01755,2024-05-02,CUST-0039,PROD-0098,South,Office Supplies,Art,3,338.33,84.15,0.15
ORD-01756,2024-12-16,CUST-0179,PROD-0039,West,Furniture,Furnishings,8,3093.52,756.4,0.15
ORD-01757,2024-06-28,CUST-0166,PROD-0089,East,Technology,Laptops,1,356.44,43.58,0.1
ORD-01758,2022-05-03,CUST-0165,PROD-0005,East,Furniture,Furnishings,10,2866.81,575.25,0.05
ORD-01759,2022-01-23,CUST-0102,PROD-0055,West,Furniture,Bookcases,8,2824.7,684.37,0.2
ORD-01760,2023-06-13,CUST-0147,PROD-0065,South,Technology,Laptops,5,257.17,37.41,0.25
ORD-01761,2022-11-18,CUST-0070,PROD-0012,South,Furniture,Furnishings,9,595.17,175.92,0.15
ORD-01762,2022-09-14,CUST-0191,PROD-0028,East,Furniture,Bookcases,7,2666.1,296.47,0.2
ORD-01763,2024-03-14,CUST-0048,PROD-0096,West,Furniture,Furnishings,9,1814.11,486.8,0.2
ORD-01764,2024-08-17,CUST-0123,PROD-0041,Central,Office Supplies,Binders,7,2092.14,278.18,0.15
ORD-01765,2024-01-31,CUST-0166,PROD-0055,East,Furniture,Bookcases,4,1588.9,193.34,0.1
ORD-01766,2022-06-09,CUST-0093,PROD-0078,South,Office Supplies,Art,6,2982.12,441.07,0.0
ORD-01767,2022-11-30,CUST-0139,PROD-0014,West,Technology,Phones,2,398.47,87.43,0.05
ORD-01768,2023-09-26,CUST-0049,PROD-0071,West,Furniture,Chairs,4,843.45,241.09,0.25
ORD-01769,2023-05-08,CUST-0069,PROD-0011,West,Office Supplies,Art,10,1145.12,124.79,0.2
ORD-01770,2024-09-17,CUST-0012,PROD-0007,West,Furniture,Furnishings,6,2697.78,778.85,0.0
ORD-01771,2022-01-18,CUST-0092,PROD-0097,West,Technology,Printers,5,1894.73,379.03,0.15
ORD-01772,2023-10-07,CUST-0193,PROD-0051,South,Technology,Phones,6,2519.4,605.99,0.05
ORD-01773,2022-07-19,CUST-0085,PROD-0053,North,Furniture,Bookcases,9,2269.89,454.97,0.0
ORD-01774,2022-11-04,CUST-0007,PROD-0076,Central,Technology,Monitors,7,275.48,59.85,0.15
ORD-01775,2022-03-18,CUST-0075,PROD-0021,North,Furniture,Desks,3,54.49,10.5,0.25
ORD-01776,2022-07-11,CUST-0184,PROD-0030,East,Office Supplies,Appliances,4,1499.85,346.23,0.25
ORD-01777,2022-11-26,CUST-0129,PROD-0067,East,Furniture,Bookcases,10,2241.75,458.79,0.25
ORD-01778,2023-12-01,CUST-0115,PROD-0017,Central,Office Supplies,Paper,6,1577.29,271.39,0.1
ORD-01779,2024-06-01,CUST-0011,PROD-0092,North,Office Supplies,Binders,7,2760.08,391.28,0.05
ORD-01780,2022-06-03,CUST-0040,PROD-0073,South,Furniture,Chairs,8,2330.32,608.09,0.0
ORD-01781,2022-10-20,CUST-0197,PROD-0040,West,Furniture,Desks,9,964.62,192.71,0.0
ORD-01782,2024-07-20,CUST-0081,PROD-0022,West,Furniture,Desks,5,431.63,49.05,0.05
ORD-01783,2024-01-15,CUST-0091,PROD-0012,South,Furniture,Furnishings,2,147.82,35.79,0.05
ORD-01784,2024-08-01,CUST-0067,PROD-0061,West,Technology,Accessories,5,1253.58,288.4,0.15
ORD-01785,2022-10-15,CUST-0032,PROD-0073,Central,Furniture,Chairs,8,2330.32,402.43,0.0
ORD-01786,2023-08-11,CUST-0103,PROD-0053,Central,Furniture,Bookcases,10,1891.57,237.95,0.25
ORD-01787,2024-01-22,CUST-0132,PROD-0080,North,Office Supplies,Appliances,6,2106.49,245.82,0.1
ORD-01788,2024-04-26,CUST-0130,PROD-0058,Central,Furniture,Furnishings,5,479.1,52.0,0.25
ORD-01789,2022-04-27,CUST-0190,PROD-0032,South,Office Supplies,Paper,9,226.8,29.69,0.0
ORD-01790,2022-08-04,CUST-0075,PROD-0049,North,Office Supplies,Storage,3,536.23,96.44,0.2
ORD-01791,2022-05-30,CUST-0058,PROD-0050,Central,Office Supplies,Appliances,8,1007.58,119.6,0.25
ORD-01792,2024-08-12,CUST-0120,PROD-0083,West,Technology,Printers,9,448.44,54.63,0.15
ORD-01793,2023-01-05,CUST-0188,PROD-0014,West,Technology,Phones,7,1247.83,174.56,0.15
ORD-01794,2023-11-05,CUST-0017,PROD-0041,West,Office Supplies,Binders,6,1687.78,332.93,0.2
ORD-01795,2024-09-02,CUST-0030,PROD-0036,South,Furniture,Tables,8,2460.4,514.26,0.0
ORD-01796,2024-08-20,CUST-0038,PROD-0082,West,Office Supplies,Storage,4,1039.07,221.99,0.1
ORD-01797,2024-02-18,CUST-0016,PROD-0047,Central,Furniture,Tables,7,573.04,81.76,0.15
ORD-01798,2023-03-10,CUST-0006,PROD-0098,North,Office Supplies,Art,7,835.88,125.73,0.1
ORD-01799,2022-12-27,CUST-0022,PROD-0019,South,Furniture,Desks,2,677.3,122.6,0.1
ORD-01800,2023-09-03,CUST-0183,PROD-0058,South,Furniture,Furnishings,7,715.46,102.18,0.2
ORD-01801,2023-06-16,CUST-0048,PROD-0007,West,Furniture,Furnishings,2,764.37,128.72,0.15
ORD-01802,2023-09-01,CUST-0043,PROD-0026,West,Technology,Phones,6,998.38,196.01,0.15
ORD-01803,2022-11-26,CUST-0179,PROD-0056,West,Office Supplies,Art,6,67.37,14.42,0.25
ORD-01804,2022-01-21,CUST-0144,PROD-0077,North,Office Supplies,Paper,4,332.44,81.3,0.0
ORD-01805,2022-10-24,CUST-0083,PROD-0086,Central,Technology,Phones,6,1384.5,180.13,0.0
ORD-01806,2024-07-28,CUST-0038,PROD-0064,West,Furniture,Bookcases,6,799.14,206.5,0.0
ORD-01807,2024-04-12,CUST-0068,PROD-0067,East,Furniture,Bookcases,1,254.06,73.34,0.15
ORD-01808,2022-09-15,CUST-0163,PROD-0058,East,Furniture,Furnishings,10,1277.6,137.08,0.0
ORD-01809,2023-01-20,CUST-0108,PROD-0090,North,Office Supplies,Appliances,9,3453.43,760.41,0.05
ORD-01810,2023-03-19,CUST-0090,PROD-0027,East,Technology,Monitors,4,526.14,113.31,0.25
ORD-01811,2022-01-30,CUST-0095,PROD-0047,Central,Furniture,Tables,1,86.68,24.21,0.1
ORD-01812,2024-10-25,CUST-0032,PROD-0090,Central,Office Supplies,Appliances,8,2423.46,726.58,0.25
ORD-01813,2024-04-27,CUST-0106,PROD-0046,Central,Technology,Monitors,6,1542.91,285.7,0.2
ORD-01814,2023-11-19,CUST-0030,PROD-0023,South,Furniture,Tables,8,1847.7,322.65,0.15
ORD-01815,2022-11-30,CUST-0139,PROD-0056,West,Office Supplies,Art,7,94.31,25.37,0.1
ORD-01816,2024-06-14,CUST-0163,PROD-0037,East,Office Supplies,Paper,10,4114.6,1230.56,0.0
ORD-01817,2022-08-01,CUST-0023,PROD-0084,South,Technology,Laptops,1,266.89,76.46,0.2
ORD-01818,2022-08-01,CUST-0128,PROD-0096,West,Furniture,Furnishings,10,2015.68,241.76,0.2
ORD-01819,2024-06-28,CUST-0129,PROD-0075,East,Technology,Accessories,1,49.43,7.81,0.25
ORD-01820,2024-05-11,CUST-0055,PROD-0029,East,Furniture,Bookcases,8,1538.88,271.18,0.2
ORD-01821,2023-02-05,CUST-0121,PROD-0016,East,Furniture,Desks,6,1510.62,275.82,0.15
ORD-01822,2024-03-21,CUST-0002,PROD-0048,East,Office Supplies,Art,4,1299.26,203.62,0.2
ORD-01823,2023-06-26,CUST-0079,PROD-0054,North,Furniture,Tables,4,455.76,127.63,0.0
ORD-01824,2024-04-29,CUST-0009,PROD-0002,Central,Technology,Monitors,1,91.37,23.58,0.05
ORD-01825,2024-11-28,CUST-0190,PROD-0077,South,Office Supplies,Paper,6,448.79,60.17,0.1
ORD-01826,2024-05-30,CUST-0062,PROD-0072,North,Office Supplies,Binders,7,2896.41,646.63,0.05
ORD-01827,2024-03-16,CUST-0014,PROD-0074,North,Furniture,Desks,7,1176.72,338.75,0.05
ORD-01828,2024-03-10,CUST-0187,PROD-0023,Central,Furniture,Tables,7,1711.84,348.28,0.1
ORD-01829,2024-06-14,CUST-0060,PROD-0013,Central,Technology,Monitors,3,203.69,25.19,0.2
ORD-01830,2024-03-13,CUST-0196,PROD-0081,West,Furniture,Desks,5,622.8,82.09,0.2
ORD-01831,2023-10-23,CUST-0053,PROD-0012,North,Furniture,Furnishings,2,155.6,29.17,0.0
ORD-01832,2022-11-10,CUST-0008,PROD-0080,Central,Office Supplies,Appliances,9,3510.81,752.57,0.0
ORD-01833,2022-02-21,CUST-0191,PROD-0094,East,Office Supplies,Appliances,3,574.23,130.29,0.15
ORD-01834,2024-01-04,CUST-0048,PROD-0031,West,Furniture,Tables,4,157.03,21.79,0.1
ORD-01835,2023-05-18,CUST-0186,PROD-0100,South,Office Supplies,Appliances,7,3148.68,730.03,0.1
ORD-01836,2023-07-18,CUST-0022,PROD-0019,South,Furniture,Desks,1,282.21,83.8,0.25
ORD-01837,2022-07-31,CUST-0029,PROD-0059,South,Furniture,Desks,10,3985.4,483.89,0.0
ORD-01838,2023-08-02,CUST-0068,PROD-0024,East,Furniture,Furnishings,2,669.74,133.18,0.0
ORD-01839,2024-01-11,CUST-0054,PROD-0051,South,Technology,Phones,2,751.4,194.68,0.15
ORD-01840,2024-04-27,CUST-0019,PROD-0063,East,Office Supplies,Appliances,2,346.54,82.29,0.05
ORD-01841,2024-02-08,CUST-0081,PROD-0082,West,Office Supplies,Storage,8,2193.59,298.24,0.05
ORD-01842,2022-01-21,CUST-0046,PROD-0085,South,Technology,Laptops,10,2103.6,465.59,0.25
ORD-01843,2022-03-06,CUST-0031,PROD-0044,West,Office Supplies,Art,6,1315.39,393.28,0.15
ORD-01844,2022-01-11,CUST-0041,PROD-0067,Central,Furniture,Bookcases,5,1494.5,207.09,0.0
ORD-01845,2022-03-02,CUST-0138,PROD-0003,East,Office Supplies,Appliances,9,249.19,62.84,0.2
ORD-01846,2023-03-19,CUST-0094,PROD-0015,South,Office Supplies,Storage,4,162.04,26.82,0.0
ORD-01847,2023-03-27,CUST-0022,PROD-0094,South,Office Supplies,Appliances,3,608.01,94.08,0.1
ORD-01848,2023-02-13,CUST-0024,PROD-0045,East,Furniture,Chairs,9,2787.35,442.81,0.25
ORD-01849,2024-10-12,CUST-0112,PROD-0066,Central,Office Supplies,Binders,7,771.6,115.75,0.05
ORD-01850,2023-02-10,CUST-0176,PROD-0092,Central,Office Supplies,Binders,5,1763.96,212.7,0.15
ORD-01851,2023-10-01,CUST-0043,PROD-0027,West,Technology,Monitors,8,1192.58,329.83,0.15
ORD-01852,2024-05-17,CUST-0153,PROD-0096,South,Furniture,Furnishings,5,1133.82,254.64,0.1
ORD-01853,2024-02-24,CUST-0110,PROD-0026,South,Technology,Phones,10,1761.84,307.96,0.1
ORD-01854,2022-05-12,CUST-0116,PROD-0022,North,Furniture,Desks,1,72.7,10.95,0.2
ORD-01855,2024-04-19,CUST-0076,PROD-0078,South,Office Supplies,Art,9,4025.86,723.29,0.1
ORD-01856,2022-08-23,CUST-0047,PROD-0042,West,Furniture,Furnishings,7,2661.0,456.49,0.05
ORD-01857,2022-05-29,CUST-0056,PROD-0085,Central,Technology,Laptops,6,1514.59,195.39,0.1
ORD-01858,2023-10-06,CUST-0032,PROD-0002,Central,Technology,Monitors,6,432.81,44.22,0.25
ORD-01859,2023-11-05,CUST-0055,PROD-0060,East,Technology,Accessories,10,1873.44,524.09,0.1
ORD-01860,2022-05-16,CUST-0099,PROD-0037,West,Office Supplies,Paper,10,3908.87,803.09,0.05
ORD-01861,2022-07-30,CUST-0144,PROD-0036,North,Furniture,Tables,10,2306.62,265.18,0.25
ORD-01862,2024-05-13,CUST-0175,PROD-0097,North,Technology,Printers,7,2808.67,737.78,0.1
ORD-01863,2023-02-10,CUST-0051,PROD-0007,North,Furniture,Furnishings,8,3057.48,334.36,0.15
ORD-01864,2023-07-17,CUST-0108,PROD-0016,North,Furniture,Desks,2,503.54,67.59,0.15
ORD-01865,2023-11-01,CUST-0152,PROD-0050,Central,Office Supplies,Appliances,4,537.38,56.02,0.2
ORD-01866,2022-02-06,CUST-0165,PROD-0074,East,Furniture,Desks,1,150.41,23.6,0.15
ORD-01867,2024-04-04,CUST-0010,PROD-0069,West,Technology,Accessories,9,1681.47,281.61,0.0
ORD-01868,2022-02-03,CUST-0018,PROD-0061,West,Technology,Accessories,2,501.43,122.68,0.15
ORD-01869,2023-07-17,CUST-0082,PROD-0097,South,Technology,Printers,6,2273.68,263.64,0.15
ORD-01870,2023-10-04,CUST-0127,PROD-0079,East,Technology,Printers,1,181.84,29.04,0.15
ORD-01871,2024-07-19,CUST-0127,PROD-0083,East,Technology,Printers,2,105.52,30.34,0.1
ORD-01872,2022-07-30,CUST-0008,PROD-0029,Central,Furniture,Bookcases,1,240.45,30.72,0.0
ORD-01873,2023-10-24,CUST-0177,PROD-0093,North,Technology,Phones,7,2649.29,355.11,0.05
ORD-01874,2023-01-27,CUST-0186,PROD-0048,South,Office Supplies,Art,9,3654.18,1048.1,0.0
ORD-01875,2022-04-18,CUST-0067,PROD-0006,West,Furniture,Furnishings,2,894.18,258.8,0.0
ORD-01876,2022-06-03,CUST-0068,PROD-0043,East,Office Supplies,Paper,10,2303.92,354.76,0.15
ORD-01877,2022-12-15,CUST-0036,PROD-0075,Central,Technology,Accessories,8,527.2,66.04,0.0
ORD-01878,2022-10-31,CUST-0193,PROD-0075,South,Technology,Accessories,7,345.98,65.51,0.25
ORD-01879,2022-09-08,CUST-0134,PROD-0068,Central,Office Supplies,Appliances,4,1569.44,306.96,0.2
ORD-01880,2024-09-30,CUST-0072,PROD-0042,East,Furniture,Furnishings,8,3041.14,359.95,0.05
ORD-01881,2023-08-30,CUST-0183,PROD-0011,South,Office Supplies,Art,6,687.07,183.52,0.2
ORD-01882,2023-05-12,CUST-0169,PROD-0083,East,Technology,Printers,4,175.86,20.33,0.25
ORD-01883,2024-10-09,CUST-0016,PROD-0028,Central,Furniture,Bookcases,1,357.07,51.14,0.25
ORD-01884,2024-02-28,CUST-0049,PROD-0063,West,Office Supplies,Appliances,2,328.3,46.53,0.1
ORD-01885,2024-12-16,CUST-0132,PROD-0041,North,Office Supplies,Binders,5,1318.57,251.59,0.25
ORD-01886,2022-11-12,CUST-0130,PROD-0014,Central,Technology,Phones,3,597.7,169.35,0.05
ORD-01887,2024-02-29,CUST-0116,PROD-0080,North,Office Supplies,Appliances,9,3335.27,853.84,0.05
ORD-01888,2023-01-20,CUST-0018,PROD-0036,West,Furniture,Tables,7,2045.21,485.23,0.05
ORD-01889,2022-07-29,CUST-0038,PROD-0060,West,Technology,Accessories,2,312.24,38.11,0.25
ORD-01890,2022-02-03,CUST-0118,PROD-0024,East,Furniture,Furnishings,5,1674.35,326.91,0.0
ORD-01891,2024-12-23,CUST-0116,PROD-0046,North,Technology,Monitors,5,1607.2,458.67,0.0
ORD-01892,2022-06-22,CUST-0091,PROD-0056,South,Office Supplies,Art,4,56.89,10.21,0.05
ORD-01893,2024-06-01,CUST-0131,PROD-0043,Central,Office Supplies,Paper,1,230.39,35.6,0.15
ORD-01894,2022-07-20,CUST-0013,PROD-0084,South,Technology,Laptops,7,1751.45,500.22,0.25
ORD-01895,2023-02-02,CUST-0076,PROD-0025,South,Technology,Monitors,7,2891.15,632.61,0.05
ORD-01896,2024-12-20,CUST-0156,PROD-0064,South,Furniture,Bookcases,9,1018.9,124.14,0.15
ORD-01897,2022-04-13,CUST-0166,PROD-0032,East,Office Supplies,Paper,2,47.88,5.89,0.05
ORD-01898,2022-03-15,CUST-0148,PROD-0035,North,Office Supplies,Binders,4,1410.96,291.26,0.0
ORD-01899,2023-07-19,CUST-0058,PROD-0080,Central,Office Supplies,Appliances,7,2321.04,414.48,0.15
ORD-01900,2023-03-27,CUST-0188,PROD-0089,West,Technology,Laptops,5,1683.17,237.56,0.15
ORD-01901,2023-02-21,CUST-0089,PROD-0082,North,Office Supplies,Storage,5,1082.36,237.32,0.25
ORD-01902,2022-01-07,CUST-0025,PROD-0024,East,Furniture,Furnishings,9,2260.37,507.28,0.25
ORD-01903,2023-09-18,CUST-0177,PROD-0031,North,Furniture,Tables,3,117.77,27.83,0.1
ORD-01904,2022-12-08,CUST-0048,PROD-0043,West,Office Supplies,Paper,8,2059.98,602.44,0.05
ORD-01905,2024-08-29,CUST-0110,PROD-0043,South,Office Supplies,Paper,1,257.5,75.93,0.05
ORD-01906,2022-06-07,CUST-0044,PROD-0087,South,Office Supplies,Storage,1,20.79,3.54,0.2
ORD-01907,2024-08-28,CUST-0150,PROD-0001,South,Office Supplies,Paper,8,3280.31,638.07,0.05
ORD-01908,2022-04-03,CUST-0005,PROD-0073,West,Furniture,Chairs,5,1383.63,283.72,0.05
ORD-01909,2022-12-09,CUST-0194,PROD-0019,South,Furniture,Desks,2,752.56,121.1,0.0
ORD-01910,2023-11-19,CUST-0116,PROD-0063,North,Office Supplies,Appliances,6,875.47,132.61,0.2
ORD-01911,2024-09-23,CUST-0065,PROD-0047,West,Furniture,Tables,8,770.48,204.6,0.0
ORD-01912,2023-09-09,CUST-0182,PROD-0043,West,Office Supplies,Paper,9,1829.59,496.53,0.25
ORD-01913,2024-09-18,CUST-0029,PROD-0035,South,Office Supplies,Binders,9,2380.99,542.77,0.25
ORD-01914,2022-10-30,CUST-0106,PROD-0029,Central,Furniture,Bookcases,3,649.21,129.56,0.1
ORD-01915,2023-05-16,CUST-0148,PROD-0095,North,Furniture,Bookcases,7,1305.55,184.42,0.1
ORD-01916,2022-07-02,CUST-0050,PROD-0049,Central,Office Supplies,Storage,2,402.17,110.77,0.1
ORD-01917,2024-07-09,CUST-0135,PROD-0023,East,Furniture,Tables,5,1018.95,172.99,0.25
ORD-01918,2023-11-10,CUST-0101,PROD-0076,East,Technology,Monitors,7,291.69,47.21,0.1
ORD-01919,2022-03-26,CUST-0149,PROD-0067,North,Furniture,Bookcases,6,1434.72,178.75,0.2
ORD-01920,2024-07-20,CUST-0146,PROD-0045,East,Furniture,Chairs,5,2064.7,606.8,0.0
ORD-01921,2024-10-18,CUST-0176,PROD-0019,Central,Furniture,Desks,8,2257.68,293.6,0.25
ORD-01922,2023-08-17,CUST-0160,PROD-0072,South,Office Supplies,Binders,3,1175.99,232.1,0.1
ORD-01923,2022-05-13,CUST-0076,PROD-0002,South,Technology,Monitors,8,769.44,110.39,0.0
ORD-01924,2022-09-10,CUST-0014,PROD-0063,North,Office Supplies,Appliances,5,911.95,169.68,0.0
ORD-01925,2022-01-02,CUST-0013,PROD-0033,South,Technology,Laptops,3,849.01,234.11,0.1
ORD-01926,2024-10-25,CUST-0171,PROD-0099,Central,Technology,Laptops,9,3587.75,1043.09,0.05
ORD-01927,2023-07-09,CUST-0037,PROD-0094,South,Office Supplies,Appliances,4,765.65,166.18,0.15
ORD-01928,2022-06-15,CUST-0075,PROD-0029,North,Furniture,Bookcases,1,204.38,58.57,0.15
ORD-01929,2023-05-25,CUST-0174,PROD-0082,South,Office Supplies,Storage,7,1717.35,308.82,0.15
ORD-01930,2022-07-20,CUST-0067,PROD-0039,West,Furniture,Furnishings,10,4094.37,551.35,0.1
ORD-01931,2024-06-11,CUST-0174,PROD-0042,South,Furniture,Furnishings,10,3801.42,899.66,0.05
ORD-01932,2023-02-13,CUST-0065,PROD-0018,West,Furniture,Chairs,7,875.39,122.47,0.2
ORD-01933,2023-09-17,CUST-0022,PROD-0039,South,Furniture,Furnishings,10,3411.98,655.89,0.25
ORD-01934,2023-01-11,CUST-0097,PROD-0056,South,Office Supplies,Art,2,28.44,5.84,0.05
ORD-01935,2023-10-04,CUST-0129,PROD-0088,East,Furniture,Bookcases,6,2199.17,375.7,0.15
ORD-01936,2024-08-13,CUST-0108,PROD-0053,North,Furniture,Bookcases,8,2017.68,570.02,0.0
ORD-01937,2022-02-24,CUST-0197,PROD-0054,West,Furniture,Tables,2,216.49,48.29,0.05
ORD-01938,2023-09-12,CUST-0063,PROD-0075,South,Technology,Accessories,9,533.79,66.97,0.1
ORD-01939,2023-08-24,CUST-0014,PROD-0097,North,Technology,Printers,7,2964.7,535.39,0.05
ORD-01940,2022-01-13,CUST-0119,PROD-0098,East,Office Supplies,Art,9,1015.0,271.86,0.15
ORD-01941,2022-06-23,CUST-0015,PROD-0035,North,Office Supplies,Binders,2,634.93,138.97,0.1
ORD-01942,2023-08-19,CUST-0145,PROD-0062,South,Furniture,Furnishings,6,1070.64,133.07,0.0
ORD-01943,2024-11-12,CUST-0190,PROD-0092,South,Office Supplies,Binders,1,311.29,43.9,0.25
ORD-01944,2022-10-23,CUST-0144,PROD-0095,North,Furniture,Bookcases,8,1574.95,227.91,0.05
ORD-01945,2022-11-13,CUST-0078,PROD-0081,North,Furniture,Desks,5,583.88,173.9,0.25
ORD-01946,2022-01-14,CUST-0125,PROD-0080,Central,Office Supplies,Appliances,4,1560.36,176.99,0.0
ORD-01947,2022-11-10,CUST-0155,PROD-0016,East,Furniture,Desks,9,2665.8,398.38,0.0
ORD-01948,2022-08-01,CUST-0122,PROD-0004,North,Technology,Phones,9,576.35,102.67,0.15
ORD-01949,2022-09-07,CUST-0077,PROD-0052,North,Technology,Monitors,8,2348.86,620.23,0.05
ORD-01950,2023-06-18,CUST-0157,PROD-0088,North,Furniture,Bookcases,8,2587.26,578.08,0.25
ORD-01951,2024-06-04,CUST-0038,PROD-0082,West,Office Supplies,Storage,1,274.2,35.19,0.05
ORD-01952,2023-05-08,CUST-0044,PROD-0066,South,Office Supplies,Binders,9,992.06,193.68,0.05
ORD-01953,2023-08-17,CUST-0075,PROD-0086,North,Technology,Phones,2,369.2,73.32,0.2
ORD-01954,2023-07-18,CUST-0101,PROD-0050,East,Office Supplies,Appliances,2,285.48,52.35,0.15
ORD-01955,2024-05-20,CUST-0038,PROD-0004,West,Technology,Phones,5,320.2,39.71,0.15
ORD-01956,2024-03-08,CUST-0003,PROD-0075,South,Technology,Accessories,5,329.5,75.46,0.0
ORD-01957,2024-06-29,CUST-0011,PROD-0046,North,Technology,Monitors,3,819.67,226.63,0.15
ORD-01958,2024-07-27,CUST-0071,PROD-0002,West,Technology,Monitors,3,259.69,51.97,0.1
ORD-01959,2024-10-27,CUST-0054,PROD-0045,South,Furniture,Chairs,9,3158.99,640.04,0.15
ORD-01960,2022-12-24,CUST-0168,PROD-0020,Central,Office Supplies,Appliances,6,1121.53,273.48,0.25
ORD-01961,2023-11-26,CUST-0118,PROD-0092,East,Office Supplies,Binders,3,1120.64,288.0,0.1
ORD-01962,2023-09-13,CUST-0101,PROD-0009,East,Technology,Accessories,8,2659.21,777.85,0.15
ORD-01963,2023-01-05,CUST-0148,PROD-0091,North,Technology,Monitors,9,1868.67,383.24,0.25
ORD-01964,2022-09-23,CUST-0179,PROD-0042,West,Furniture,Furnishings,10,3201.2,542.98,0.2
ORD-01965,2024-04-06,CUST-0018,PROD-0006,West,Furniture,Furnishings,1,335.32,44.21,0.25
ORD-01966,2022-07-17,CUST-0171,PROD-0014,Central,Technology,Phones,8,1258.32,245.73,0.25
ORD-01967,2023-04-20,CUST-0198,PROD-0094,Central,Office Supplies,Appliances,4,900.76,252.18,0.0
ORD-01968,2022-12-23,CUST-0187,PROD-0050,Central,Office Supplies,Appliances,7,1175.51,132.11,0.0
ORD-01969,2023-05-28,CUST-0030,PROD-0005,South,Furniture,Furnishings,2,513.01,129.62,0.15
ORD-01970,2022-03-02,CUST-0045,PROD-0042,North,Furniture,Furnishings,2,600.22,113.98,0.25
ORD-01971,2022-09-30,CUST-0164,PROD-0074,West,Furniture,Desks,9,1512.92,210.51,0.05
ORD-01972,2024-10-02,CUST-0113,PROD-0087,South,Office Supplies,Storage,5,123.45,17.31,0.05
ORD-01973,2022-11-28,CUST-0112,PROD-0068,Central,Office Supplies,Appliances,4,1961.8,424.58,0.0
ORD-01974,2022-07-17,CUST-0053,PROD-0005,North,Furniture,Furnishings,3,905.31,155.63,0.0
ORD-01975,2024-04-15,CUST-0146,PROD-0070,East,Furniture,Chairs,2,489.11,67.04,0.1
ORD-01976,2024-12-17,CUST-0128,PROD-0025,West,Technology,Monitors,4,1391.23,369.39,0.2
ORD-01977,2024-10-22,CUST-0091,PROD-0046,South,Technology,Monitors,10,2571.52,696.07,0.2
ORD-01978,2022-05-18,CUST-0113,PROD-0055,South,Furniture,Bookcases,7,3089.52,660.63,0.0
ORD-01979,2022-09-18,CUST-0133,PROD-0039,North,Furniture,Furnishings,2,909.86,181.74,0.0
ORD-01980,2022-04-16,CUST-0154,PROD-0070,West,Furniture,Chairs,6,1630.38,236.09,0.0
ORD-01981,2023-08-17,CUST-0065,PROD-0050,West,Office Supplies,Appliances,6,1007.58,276.57,0.0
ORD-01982,2022-11-20,CUST-0074,PROD-0010,South,Furniture,Tables,9,1623.89,240.79,0.2
ORD-01983,2024-11-26,CUST-0157,PROD-0065,North,Technology,Laptops,5,291.46,65.21,0.15
ORD-01984,2022-08-16,CUST-0150,PROD-0061,South,Technology,Accessories,5,1106.1,117.24,0.25
ORD-01985,2023-11-24,CUST-0108,PROD-0034,North,Technology,Laptops,4,1216.91,337.82,0.1
ORD-01986,2022-05-02,CUST-0036,PROD-0027,Central,Technology,Monitors,9,1183.82,196.42,0.25
ORD-01987,2022-05-08,CUST-0061,PROD-0064,East,Furniture,Bookcases,2,213.1,59.85,0.2
ORD-01988,2022-03-14,CUST-0089,PROD-0010,North,Furniture,Tables,7,1263.02,313.05,0.2
ORD-01989,2022-06-15,CUST-0142,PROD-0062,West,Furniture,Furnishings,3,481.79,117.88,0.1
ORD-01990,2022-08-02,CUST-0010,PROD-0064,West,Furniture,Bookcases,9,1138.77,261.99,0.05
ORD-01991,2024-06-02,CUST-0123,PROD-0039,Central,Furniture,Furnishings,4,1819.72,520.89,0.0
ORD-01992,2022-02-23,CUST-0199,PROD-0026,West,Technology,Phones,9,1409.47,383.46,0.2
ORD-01993,2022-02-07,CUST-0142,PROD-0062,West,Furniture,Furnishings,1,151.67,38.39,0.15
ORD-01994,2022-09-14,CUST-0111,PROD-0090,North,Office Supplies,Appliances,7,2261.9,288.51,0.2
ORD-01995,2024-06-15,CUST-0031,PROD-0079,West,Technology,Printers,6,1155.22,160.26,0.1
ORD-01996,2024-06-13,CUST-0015,PROD-0031,North,Furniture,Tables,4,174.48,37.99,0.0
ORD-01997,2023-04-11,CUST-0106,PROD-0096,Central,Furniture,Furnishings,9,1814.11,198.02,0.2
ORD-01998,2022-01-31,CUST-0185,PROD-0032,North,Office Supplies,Paper,1,25.2,2.81,0.0
ORD-01999,2024-06-17,CUST-0047,PROD-0037,West,Office Supplies,Paper,1,370.31,62.93,0.1
ORD-02000,2023-05-16,CUST-0075,PROD-0017,North,Office Supplies,Paper,10,2482.76,485.98,0.15
